geoid,timestep,deaths
17031010100,2,3
17031010201,2,0
17031010202,2,0
17031010300,2,1
17031010400,2,1
17031010501,2,2
17031010502,2,1
17031010503,2,0
17031010600,2,1
17031010701,2,1
17031010702,2,1
17031020100,2,0
17031020200,2,1
17031020301,2,0
17031020302,2,0
17031020400,2,0
17031020500,2,3
17031020601,2,0
17031020602,2,0
17031020701,2,0
17031020702,2,0
17031020801,2,0
17031020802,2,3
17031020901,2,1
17031020902,2,0
17031030101,2,4
17031030102,2,1
17031030103,2,0
17031030104,2,0
17031030200,2,1
17031030300,2,1
17031030400,2,0
17031030500,2,0
17031030601,2,1
17031030603,2,1
17031030604,2,0
17031030701,2,1
17031030702,2,1
17031030703,2,0
17031030706,2,0
17031030800,2,1
17031030900,2,0
17031031000,2,0
17031031100,2,1
17031031200,2,0
17031031300,2,2
17031031400,2,0
17031031501,2,2
17031031502,2,0
17031031700,2,3
17031031800,2,0
17031031900,2,0
17031032100,2,0
17031040100,2,0
17031040201,2,2
17031040202,2,2
17031040300,2,0
17031040401,2,1
17031040402,2,1
17031040600,2,1
17031040700,2,1
17031040800,2,0
17031040900,2,0
17031050100,2,0
17031050200,2,0
17031050300,2,0
17031050500,2,0
17031050600,2,1
17031050700,2,0
17031050800,2,0
17031050900,2,0
17031051000,2,0
17031051100,2,0
17031051200,2,1
17031051300,2,0
17031051400,2,1
17031060100,2,0
17031060200,2,0
17031060300,2,0
17031060400,2,1
17031060500,2,0
17031060800,2,0
17031060900,2,2
17031061000,2,0
17031061100,2,0
17031061200,2,0
17031061500,2,0
17031061800,2,1
17031061901,2,0
17031061902,2,0
17031062000,2,0
17031062100,2,1
17031062200,2,0
17031062300,2,0
17031062400,2,0
17031062500,2,1
17031062600,2,0
17031062700,2,0
17031062800,2,0
17031062900,2,0
17031063000,2,0
17031063100,2,0
17031063200,2,2
17031063301,2,0
17031063302,2,0
17031063303,2,0
17031063400,2,0
17031070101,2,1
17031070102,2,1
17031070103,2,0
17031070200,2,0
17031070300,2,0
17031070400,2,0
17031070500,2,0
17031070600,2,0
17031070700,2,0
17031071000,2,0
17031071100,2,0
17031071200,2,0
17031071300,2,0
17031071400,2,0
17031071500,2,1
17031071600,2,1
17031071700,2,0
17031071800,2,0
17031080100,2,1
17031080201,2,0
17031080202,2,0
17031080300,2,0
17031080400,2,0
17031081000,2,1
17031081100,2,0
17031081201,2,0
17031081202,2,0
17031081300,2,0
17031081401,2,2
17031081402,2,1
17031081403,2,1
17031081500,2,0
17031081600,2,2
17031081700,2,1
17031081800,2,0
17031081900,2,1
17031090100,2,0
17031090200,2,0
17031090300,2,0
17031100100,2,1
17031100200,2,2
17031100300,2,0
17031100400,2,0
17031100500,2,0
17031100600,2,1
17031100700,2,0
17031110100,2,2
17031110200,2,0
17031110300,2,1
17031110400,2,1
17031110501,2,1
17031110502,2,0
17031120100,2,1
17031120200,2,2
17031120300,2,1
17031120400,2,0
17031130100,2,1
17031130200,2,0
17031130300,2,0
17031140100,2,0
17031140200,2,1
17031140301,2,0
17031140302,2,0
17031140400,2,0
17031140500,2,1
17031140601,2,1
17031140602,2,1
17031140701,2,0
17031140702,2,2
17031140800,2,2
17031150200,2,1
17031150300,2,1
17031150401,2,2
17031150402,2,0
17031150501,2,0
17031150502,2,3
17031150600,2,0
17031150700,2,1
17031150800,2,3
17031151001,2,0
17031151002,2,1
17031151100,2,1
17031151200,2,0
17031160100,2,1
17031160200,2,0
17031160300,2,1
17031160400,2,2
17031160501,2,1
17031160502,2,1
17031160601,2,0
17031160602,2,0
17031160700,2,1
17031160800,2,0
17031160900,2,0
17031161000,2,0
17031161100,2,0
17031161200,2,1
17031161300,2,0
17031170100,2,0
17031170200,2,0
17031170300,2,0
17031170400,2,0
17031170500,2,1
17031170600,2,0
17031170700,2,1
17031170800,2,1
17031170900,2,0
17031171000,2,0
17031171100,2,0
17031180100,2,0
17031190100,2,0
17031190200,2,0
17031190300,2,1
17031190401,2,0
17031190402,2,2
17031190601,2,2
17031190602,2,1
17031190701,2,0
17031190702,2,1
17031190800,2,0
17031190900,2,0
17031191000,2,1
17031191100,2,1
17031191200,2,0
17031191301,2,1
17031191302,2,1
17031200100,2,1
17031200200,2,0
17031200300,2,0
17031200401,2,1
17031200402,2,0
17031210100,2,1
17031210400,2,1
17031210501,2,0
17031210502,2,1
17031210601,2,0
17031210602,2,1
17031210700,2,1
17031210800,2,0
17031210900,2,1
17031220300,2,0
17031220400,2,1
17031220500,2,1
17031220601,2,0
17031220602,2,1
17031220701,2,2
17031220702,2,0
17031220901,2,0
17031220902,2,0
17031221000,2,0
17031221100,2,2
17031221200,2,0
17031221300,2,0
17031221400,2,1
17031221500,2,0
17031221600,2,0
17031222200,2,0
17031222500,2,1
17031222600,2,2
17031222700,2,0
17031222800,2,0
17031222900,2,1
17031230100,2,1
17031230200,2,0
17031230300,2,0
17031230400,2,1
17031230500,2,2
17031230600,2,4
17031230700,2,4
17031230800,2,1
17031230900,2,0
17031231100,2,2
17031231200,2,5
17031231500,2,8
17031240200,2,0
17031240300,2,0
17031240500,2,0
17031240600,2,1
17031240700,2,0
17031240800,2,1
17031240900,2,4
17031241000,2,0
17031241100,2,0
17031241200,2,0
17031241300,2,0
17031241400,2,1
17031241500,2,0
17031241600,2,2
17031242000,2,2
17031242100,2,0
17031242200,2,0
17031242300,2,0
17031242400,2,1
17031242500,2,0
17031242600,2,3
17031242700,2,0
17031242800,2,0
17031242900,2,0
17031243000,2,0
17031243100,2,0
17031243200,2,2
17031243300,2,0
17031243400,2,0
17031243500,2,0
17031250200,2,0
17031250300,2,1
17031250400,2,2
17031250500,2,2
17031250600,2,2
17031250700,2,5
17031250800,2,1
17031251000,2,0
17031251100,2,2
17031251200,2,3
17031251300,2,5
17031251400,2,1
17031251500,2,3
17031251600,2,2
17031251700,2,2
17031251800,2,2
17031251900,2,7
17031252000,2,2
17031252101,2,0
17031252102,2,5
17031252201,2,5
17031252202,2,5
17031260100,2,1
17031260200,2,3
17031260300,2,2
17031260400,2,7
17031260500,2,4
17031260600,2,4
17031260700,2,6
17031260800,2,3
17031260900,2,5
17031261000,2,1
17031270500,2,5
17031271200,2,5
17031271300,2,0
17031271400,2,2
17031271500,2,2
17031271800,2,0
17031280100,2,2
17031280400,2,2
17031280800,2,0
17031280900,2,0
17031281900,2,2
17031282700,2,2
17031282800,2,0
17031283100,2,0
17031283200,2,1
17031283800,2,0
17031290900,2,5
17031291200,2,1
17031291600,2,0
17031292200,2,1
17031292400,2,2
17031292500,2,2
17031300500,2,0
17031300600,2,0
17031300700,2,0
17031300800,2,3
17031300900,2,0
17031301100,2,1
17031301200,2,4
17031301600,2,0
17031301701,2,1
17031301702,2,0
17031301801,2,2
17031301802,2,0
17031301803,2,0
17031310200,2,0
17031310300,2,0
17031310400,2,2
17031310500,2,0
17031310600,2,2
17031310700,2,1
17031310800,2,1
17031310900,2,0
17031320101,2,1
17031320102,2,3
17031320400,2,2
17031320600,2,2
17031330101,2,0
17031330102,2,1
17031330103,2,1
17031330200,2,2
17031340300,2,0
17031340400,2,0
17031340500,2,1
17031340600,2,0
17031350100,2,0
17031350400,2,1
17031351000,2,0
17031351100,2,0
17031351400,2,0
17031351500,2,0
17031360200,2,2
17031380100,2,0
17031380200,2,0
17031380600,2,2
17031381200,2,0
17031381400,2,3
17031381500,2,0
17031381800,2,1
17031381900,2,1
17031390100,2,0
17031390200,2,0
17031390300,2,0
17031390400,2,1
17031390500,2,0
17031390600,2,0
17031390700,2,0
17031400300,2,1
17031400400,2,1
17031400500,2,1
17031400800,2,1
17031410100,2,0
17031410200,2,0
17031410500,2,0
17031410600,2,0
17031410700,2,0
17031410800,2,0
17031410900,2,1
17031411000,2,0
17031411100,2,0
17031411200,2,1
17031420100,2,0
17031420200,2,2
17031420300,2,0
17031420400,2,1
17031420500,2,0
17031420600,2,1
17031420700,2,4
17031420800,2,1
17031421200,2,0
17031430101,2,2
17031430102,2,1
17031430200,2,0
17031430300,2,0
17031430400,2,0
17031430500,2,0
17031430600,2,0
17031430700,2,0
17031430800,2,1
17031430900,2,1
17031431200,2,0
17031431301,2,0
17031431302,2,4
17031431400,2,2
17031440101,2,1
17031440102,2,4
17031440201,2,2
17031440202,2,0
17031440300,2,1
17031440600,2,1
17031440700,2,0
17031440800,2,0
17031440900,2,3
17031450300,2,1
17031460100,2,3
17031460200,2,0
17031460301,2,1
17031460302,2,0
17031460400,2,1
17031460500,2,1
17031460800,2,1
17031461000,2,1
17031470100,2,1
17031480100,2,0
17031480200,2,0
17031480300,2,0
17031480400,2,0
17031480500,2,0
17031490200,2,1
17031490500,2,0
17031490600,2,0
17031490700,2,1
17031490800,2,1
17031490901,2,0
17031490902,2,1
17031491000,2,3
17031491100,2,2
17031491200,2,0
17031491300,2,5
17031491400,2,0
17031500100,2,0
17031500200,2,1
17031500300,2,0
17031510100,2,0
17031510200,2,0
17031510300,2,0
17031520100,2,0
17031520200,2,0
17031520300,2,2
17031520400,2,0
17031520500,2,1
17031520600,2,0
17031530100,2,2
17031530200,2,4
17031530300,2,1
17031530400,2,0
17031530501,2,2
17031530502,2,0
17031530503,2,0
17031530600,2,3
17031540101,2,2
17031540102,2,2
17031550100,2,2
17031550200,2,1
17031560100,2,0
17031560200,2,2
17031560300,2,0
17031560400,2,1
17031560700,2,1
17031560800,2,1
17031560900,2,1
17031561000,2,2
17031561100,2,2
17031570100,2,0
17031570200,2,0
17031570300,2,2
17031570400,2,0
17031570500,2,0
17031580100,2,3
17031580200,2,0
17031580300,2,0
17031580400,2,0
17031580501,2,0
17031580502,2,1
17031580600,2,1
17031580700,2,1
17031580800,2,0
17031590500,2,1
17031590600,2,0
17031590700,2,0
17031600400,2,0
17031600600,2,0
17031600700,2,2
17031600900,2,1
17031610300,2,1
17031610400,2,1
17031610800,2,0
17031611200,2,1
17031611300,2,2
17031611400,2,1
17031611500,2,3
17031611600,2,0
17031611700,2,0
17031611800,2,1
17031611900,2,4
17031612000,2,0
17031612100,2,0
17031612200,2,4
17031620100,2,2
17031620200,2,2
17031620300,2,0
17031620400,2,0
17031630300,2,0
17031630400,2,0
17031630500,2,0
17031630600,2,0
17031630800,2,0
17031630900,2,1
17031640100,2,0
17031640300,2,0
17031640400,2,2
17031640500,2,0
17031640600,2,1
17031640700,2,3
17031640800,2,0
17031650100,2,0
17031650200,2,1
17031650301,2,0
17031650302,2,0
17031650400,2,1
17031650500,2,1
17031660301,2,0
17031660302,2,0
17031660400,2,1
17031660500,2,1
17031660600,2,4
17031660700,2,3
17031660800,2,2
17031660900,2,3
17031661000,2,0
17031661100,2,1
17031670100,2,2
17031670200,2,0
17031670300,2,0
17031670400,2,0
17031670500,2,4
17031670600,2,0
17031670700,2,2
17031670800,2,0
17031670900,2,2
17031671100,2,1
17031671200,2,1
17031671300,2,1
17031671400,2,0
17031671500,2,3
17031671600,2,0
17031671800,2,0
17031671900,2,0
17031672000,2,0
17031680500,2,0
17031680600,2,1
17031680900,2,0
17031681000,2,3
17031681100,2,2
17031681200,2,2
17031681300,2,5
17031681400,2,1
17031690300,2,1
17031690400,2,0
17031690500,2,0
17031690900,2,3
17031691000,2,2
17031691100,2,2
17031691200,2,1
17031691300,2,0
17031691400,2,1
17031691500,2,3
17031700100,2,0
17031700200,2,0
17031700301,2,1
17031700302,2,0
17031700401,2,0
17031700402,2,0
17031700501,2,0
17031700502,2,0
17031710100,2,0
17031710200,2,2
17031710300,2,1
17031710400,2,1
17031710500,2,0
17031710600,2,0
17031710700,2,2
17031710800,2,2
17031710900,2,2
17031711000,2,1
17031711100,2,1
17031711200,2,0
17031711300,2,0
17031711400,2,0
17031711500,2,0
17031720100,2,0
17031720200,2,1
17031720300,2,0
17031720400,2,0
17031720500,2,0
17031720600,2,1
17031720700,2,1
17031730100,2,0
17031730201,2,2
17031730202,2,0
17031730300,2,0
17031730400,2,0
17031730500,2,2
17031730600,2,4
17031730700,2,0
17031740100,2,0
17031740200,2,1
17031740300,2,1
17031740400,2,1
17031750100,2,0
17031750200,2,0
17031750300,2,0
17031750400,2,1
17031750500,2,1
17031750600,2,0
17031760801,2,1
17031760802,2,0
17031760803,2,0
17031770201,2,1
17031770202,2,1
17031770300,2,3
17031770400,2,1
17031770500,2,0
17031770601,2,0
17031770602,2,0
17031770700,2,1
17031770800,2,6
17031770901,2,0
17031770902,2,0
17031800100,2,0
17031800200,2,0
17031800300,2,1
17031800400,2,0
17031800500,2,0
17031800600,2,0
17031800700,2,0
17031800800,2,0
17031800900,2,1
17031801000,2,1
17031801100,2,0
17031801200,2,0
17031801300,2,0
17031801400,2,0
17031801500,2,1
17031801601,2,0
17031801603,2,1
17031801605,2,0
17031801606,2,0
17031801607,2,0
17031801608,2,0
17031801701,2,0
17031801702,2,1
17031801800,2,0
17031801901,2,1
17031801902,2,0
17031802002,2,0
17031802003,2,1
17031802004,2,0
17031802100,2,0
17031802200,2,2
17031802300,2,1
17031802402,2,1
17031802403,2,0
17031802404,2,2
17031802503,2,0
17031802504,2,0
17031802505,2,2
17031802506,2,1
17031802605,2,0
17031802607,2,0
17031802608,2,2
17031802609,2,0
17031802610,2,0
17031802701,2,0
17031802702,2,1
17031802801,2,1
17031802802,2,1
17031802900,2,0
17031803005,2,0
17031803007,2,0
17031803008,2,0
17031803010,2,0
17031803012,2,0
17031803013,2,1
17031803014,2,0
17031803015,2,0
17031803016,2,0
17031803017,2,0
17031803100,2,0
17031803200,2,0
17031803300,2,0
17031803400,2,1
17031803500,2,0
17031803603,2,0
17031803604,2,0
17031803605,2,1
17031803607,2,0
17031803608,2,0
17031803611,2,0
17031803612,2,0
17031803613,2,1
17031803614,2,0
17031803615,2,0
17031803616,2,0
17031803701,2,1
17031803702,2,0
17031803800,2,0
17031803901,2,0
17031803902,2,0
17031804000,2,1
17031804102,2,0
17031804104,2,0
17031804105,2,1
17031804106,2,0
17031804108,2,0
17031804109,2,0
17031804202,2,0
17031804203,2,0
17031804204,2,0
17031804305,2,0
17031804306,2,0
17031804308,2,0
17031804309,2,0
17031804312,2,0
17031804313,2,0
17031804314,2,1
17031804315,2,0
17031804316,2,0
17031804403,2,0
17031804404,2,0
17031804405,2,0
17031804406,2,1
17031804505,2,3
17031804506,2,0
17031804508,2,0
17031804509,2,1
17031804510,2,0
17031804511,2,0
17031804512,2,1
17031804513,2,0
17031804514,2,1
17031804603,2,3
17031804606,2,0
17031804607,2,1
17031804608,2,0
17031804609,2,0
17031804610,2,0
17031804611,2,0
17031804701,2,0
17031804705,2,0
17031804706,2,0
17031804709,2,0
17031804710,2,0
17031804711,2,2
17031804712,2,0
17031804713,2,0
17031804714,2,0
17031804715,2,0
17031804716,2,1
17031804803,2,1
17031804804,2,0
17031804805,2,1
17031804806,2,0
17031804807,2,0
17031804808,2,0
17031804809,2,0
17031804810,2,0
17031804901,2,1
17031804902,2,1
17031805001,2,0
17031805002,2,0
17031805105,2,1
17031805106,2,0
17031805107,2,4
17031805108,2,0
17031805109,2,1
17031805110,2,0
17031805111,2,1
17031805112,2,0
17031805201,2,0
17031805202,2,1
17031805301,2,0
17031805302,2,1
17031805401,2,1
17031805402,2,0
17031805501,2,1
17031805502,2,0
17031805600,2,1
17031805701,2,0
17031805702,2,0
17031805801,2,0
17031805802,2,1
17031805901,2,0
17031805902,2,1
17031806001,2,0
17031806002,2,0
17031806004,2,1
17031806005,2,0
17031806006,2,0
17031806102,2,2
17031806103,2,1
17031806104,2,1
17031806201,2,1
17031806202,2,1
17031806300,2,1
17031806400,2,2
17031806501,2,0
17031806502,2,1
17031806600,2,0
17031806700,2,0
17031806801,2,0
17031806802,2,0
17031806900,2,1
17031807000,2,1
17031807100,2,1
17031807200,2,1
17031807300,2,1
17031807400,2,1
17031807500,2,0
17031807600,2,1
17031807700,2,0
17031807800,2,1
17031807900,2,0
17031808001,2,0
17031808002,2,1
17031808100,2,1
17031808200,2,1
17031808301,2,0
17031808302,2,0
17031808400,2,1
17031808500,2,0
17031808600,2,0
17031808702,2,1
17031808800,2,0
17031808900,2,1
17031809000,2,0
17031809100,2,0
17031809200,2,1
17031809300,2,0
17031809401,2,0
17031809402,2,0
17031809500,2,1
17031809600,2,0
17031809700,2,1
17031809800,2,0
17031809900,2,0
17031810000,2,0
17031810100,2,0
17031810200,2,2
17031810301,2,0
17031810302,2,0
17031810400,2,0
17031810501,2,1
17031810502,2,1
17031810600,2,1
17031810701,2,1
17031810702,2,1
17031810800,2,1
17031810900,2,3
17031811000,2,1
17031811100,2,2
17031811200,2,1
17031811301,2,6
17031811302,2,0
17031811401,2,1
17031811402,2,3
17031811500,2,0
17031811600,2,0
17031811701,2,0
17031811702,2,1
17031811800,2,1
17031811900,2,1
17031812000,2,1
17031812100,2,0
17031812200,2,1
17031812301,2,3
17031812302,2,0
17031812400,2,0
17031812500,2,0
17031812600,2,1
17031812700,2,0
17031812801,2,1
17031812802,2,0
17031812900,2,0
17031813000,2,0
17031813100,2,1
17031813200,2,0
17031813301,2,1
17031813302,2,2
17031813400,2,1
17031813500,2,1
17031813600,2,0
17031813701,2,0
17031813702,2,3
17031813801,2,0
17031813802,2,1
17031813900,2,1
17031814000,2,0
17031814100,2,1
17031814200,2,1
17031814300,2,1
17031814400,2,0
17031814500,2,1
17031814600,2,0
17031814700,2,0
17031814800,2,1
17031814900,2,0
17031815000,2,1
17031815100,2,1
17031815200,2,2
17031815300,2,0
17031815400,2,0
17031815500,2,0
17031815600,2,2
17031815701,2,0
17031815702,2,1
17031815800,2,0
17031815900,2,0
17031816000,2,1
17031816100,2,3
17031816200,2,0
17031816300,2,3
17031816401,2,1
17031816402,2,2
17031816500,2,0
17031816600,2,0
17031816700,2,0
17031816800,2,1
17031816900,2,0
17031817000,2,2
17031817101,2,1
17031817102,2,1
17031817200,2,1
17031817300,2,1
17031817400,2,0
17031817500,2,5
17031817600,2,1
17031817700,2,0
17031817900,2,1
17031818000,2,1
17031818100,2,0
17031818200,2,2
17031818300,2,2
17031818401,2,0
17031818402,2,2
17031818500,2,1
17031818600,2,0
17031818700,2,1
17031818800,2,5
17031818900,2,0
17031819000,2,0
17031819100,2,2
17031819200,2,1
17031819300,2,1
17031819400,2,0
17031819500,2,0
17031819600,2,0
17031819700,2,0
17031819801,2,0
17031819802,2,0
17031819900,2,0
17031820000,2,0
17031820101,2,1
17031820103,2,0
17031820104,2,2
17031820202,2,0
17031820203,2,1
17031820204,2,2
17031820300,2,1
17031820400,2,1
17031820501,2,2
17031820502,2,3
17031820603,2,0
17031820604,2,2
17031820605,2,0
17031820606,2,0
17031820700,2,1
17031820800,2,1
17031820901,2,1
17031820902,2,0
17031821001,2,1
17031821002,2,0
17031821101,2,0
17031821102,2,1
17031821200,2,2
17031821300,2,2
17031821401,2,0
17031821402,2,3
17031821500,2,0
17031821600,2,0
17031821700,2,1
17031821800,2,2
17031821900,2,0
17031822000,2,2
17031822101,2,0
17031822102,2,1
17031822200,2,0
17031822301,2,0
17031822302,2,0
17031822400,2,2
17031822500,2,1
17031822601,2,1
17031822602,2,2
17031822701,2,2
17031822702,2,0
17031822801,2,0
17031822802,2,1
17031822900,2,0
17031823001,2,2
17031823002,2,1
17031823101,2,0
17031823102,2,1
17031823200,2,2
17031823302,2,0
17031823303,2,0
17031823304,2,2
17031823400,2,0
17031823500,2,0
17031823602,2,0
17031823603,2,1
17031823604,2,0
17031823605,2,0
17031823702,2,1
17031823703,2,3
17031823704,2,1
17031823705,2,0
17031823801,2,0
17031823803,2,1
17031823805,2,0
17031823806,2,0
17031823901,2,0
17031823903,2,1
17031823904,2,0
17031824003,2,0
17031824004,2,1
17031824005,2,0
17031824006,2,0
17031824105,2,2
17031824106,2,1
17031824107,2,1
17031824113,2,0
17031824114,2,0
17031824115,2,0
17031824116,2,1
17031824119,2,0
17031824121,2,0
17031824122,2,0
17031824123,2,1
17031824124,2,0
17031824125,2,1
17031824126,2,0
17031824127,2,0
17031824128,2,2
17031824129,2,0
17031824300,2,1
17031824400,2,0
17031824503,2,0
17031824505,2,1
17031824507,2,0
17031824508,2,0
17031824509,2,0
17031824601,2,0
17031824602,2,2
17031824701,2,1
17031824702,2,0
17031824800,2,2
17031824900,2,1
17031825000,2,1
17031825200,2,0
17031825302,2,1
17031825303,2,0
17031825304,2,0
17031825400,2,1
17031825501,2,0
17031825503,2,0
17031825504,2,0
17031825505,2,0
17031825600,2,0
17031825700,2,1
17031825801,2,0
17031825802,2,1
17031825803,2,1
17031825900,2,0
17031826000,2,0
17031826100,2,0
17031826201,2,0
17031826202,2,1
17031826301,2,0
17031826303,2,1
17031826304,2,0
17031826401,2,0
17031826402,2,0
17031826500,2,1
17031826600,2,0
17031826700,2,0
17031826800,2,1
17031826901,2,1
17031826902,2,0
17031827000,2,0
17031827100,2,1
17031827200,2,0
17031827300,2,0
17031827400,2,0
17031827500,2,0
17031827600,2,0
17031827700,2,2
17031827801,2,1
17031827802,2,0
17031827804,2,0
17031827805,2,0
17031827901,2,1
17031827902,2,1
17031828000,2,1
17031828100,2,0
17031828201,2,0
17031828202,2,1
17031828300,2,0
17031828401,2,2
17031828402,2,0
17031828503,2,0
17031828504,2,1
17031828505,2,1
17031828507,2,1
17031828508,2,0
17031828601,2,0
17031828602,2,1
17031828701,2,0
17031828702,2,0
17031828801,2,0
17031828802,2,1
17031828900,2,0
17031829000,2,1
17031829100,2,1
17031829200,2,2
17031829301,2,0
17031829302,2,0
17031829401,2,1
17031829402,2,0
17031829500,2,0
17031829600,2,1
17031829700,2,0
17031829800,2,0
17031829902,2,0
17031829903,2,0
17031829904,2,0
17031830001,2,3
17031830003,2,0
17031830004,2,0
17031830005,2,0
17031830006,2,0
17031830007,2,0
17031830008,2,0
17031830100,2,0
17031830201,2,0
17031830202,2,1
17031830300,2,2
17031830400,2,0
17031830500,2,0
17031830600,2,0
17031830700,2,3
17031830800,2,1
17031830900,2,0
17031831000,2,0
17031831100,2,3
17031831200,2,0
17031831300,2,2
17031831400,2,1
17031831500,2,0
17031831600,2,0
17031831700,2,0
17031831800,2,0
17031831900,2,0
17031832000,2,0
17031832100,2,0
17031832200,2,0
17031832300,2,0
17031832400,2,2
17031832500,2,0
17031832600,2,0
17031832900,2,0
17031833000,2,0
17031833100,2,1
17031833300,2,0
17031833900,2,1
17031834000,2,2
17031834200,2,1
17031834300,2,1
17031834400,2,1
17031834500,2,1
17031834600,2,0
17031834700,2,3
17031834800,2,2
17031834900,2,1
17031835000,2,0
17031835100,2,0
17031835200,2,4
17031835500,2,2
17031835600,2,2
17031835800,2,0
17031836000,2,0
17031836100,2,0
17031836200,2,0
17031836300,2,0
17031836400,2,0
17031836500,2,0
17031836600,2,8
17031836700,2,5
17031836800,2,3
17031836900,2,1
17031837000,2,3
17031837100,2,0
17031837300,2,2
17031837400,2,1
17031837800,2,1
17031838000,2,1
17031838100,2,2
17031838200,2,3
17031838300,2,0
17031838600,2,3
17031838700,2,9
17031838800,2,0
17031839000,2,1
17031839100,2,7
17031839200,2,0
17031839500,2,1
17031839600,2,0
17031839700,2,0
17031839800,2,1
17031839900,2,2
17031840000,2,1
17031840100,2,0
17031840200,2,0
17031840300,2,1
17031840400,2,1
17031840700,2,0
17031840800,2,0
17031841000,2,0
17031841100,2,0
17031841200,2,2
17031841300,2,0
17031841500,2,3
17031841700,2,1
17031841800,2,0
17031841900,2,3
17031842000,2,0
17031842100,2,4
17031842200,2,1
17031842300,2,0
17031842400,2,0
17031842500,2,0
17031842600,2,0
17031842800,2,0
17031842900,2,3
17031843000,2,5
17031843100,2,1
17031843200,2,0
17031843300,2,1
17031843400,2,1
17031843500,2,0
17031843600,2,0
17031843700,2,1
17031843800,2,0
17031843900,2,1
17031844600,2,0
17031844700,2,2
17031010100,3,2
17031010201,3,1
17031010202,3,2
17031010300,3,3
17031010400,3,2
17031010501,3,1
17031010502,3,0
17031010503,3,0
17031010600,3,4
17031010701,3,2
17031010702,3,1
17031020100,3,1
17031020200,3,0
17031020301,3,0
17031020302,3,0
17031020400,3,0
17031020500,3,2
17031020601,3,0
17031020602,3,1
17031020701,3,0
17031020702,3,0
17031020801,3,2
17031020802,3,2
17031020901,3,0
17031020902,3,0
17031030101,3,1
17031030102,3,2
17031030103,3,0
17031030104,3,0
17031030200,3,2
17031030300,3,0
17031030400,3,1
17031030500,3,0
17031030601,3,0
17031030603,3,3
17031030604,3,1
17031030701,3,1
17031030702,3,0
17031030703,3,1
17031030706,3,2
17031030800,3,0
17031030900,3,0
17031031000,3,0
17031031100,3,0
17031031200,3,2
17031031300,3,2
17031031400,3,1
17031031501,3,3
17031031502,3,1
17031031700,3,4
17031031800,3,0
17031031900,3,0
17031032100,3,1
17031040100,3,0
17031040201,3,0
17031040202,3,2
17031040300,3,0
17031040401,3,0
17031040402,3,0
17031040600,3,1
17031040700,3,0
17031040800,3,0
17031040900,3,0
17031050100,3,2
17031050200,3,0
17031050300,3,0
17031050500,3,1
17031050600,3,0
17031050700,3,0
17031050800,3,0
17031050900,3,0
17031051000,3,0
17031051100,3,0
17031051200,3,0
17031051300,3,0
17031051400,3,0
17031060100,3,0
17031060200,3,0
17031060300,3,0
17031060400,3,1
17031060500,3,1
17031060800,3,0
17031060900,3,3
17031061000,3,0
17031061100,3,1
17031061200,3,0
17031061500,3,0
17031061800,3,1
17031061901,3,0
17031061902,3,2
17031062000,3,1
17031062100,3,0
17031062200,3,2
17031062300,3,0
17031062400,3,2
17031062500,3,0
17031062600,3,0
17031062700,3,0
17031062800,3,3
17031062900,3,0
17031063000,3,0
17031063100,3,1
17031063200,3,1
17031063301,3,0
17031063302,3,0
17031063303,3,0
17031063400,3,0
17031070101,3,1
17031070102,3,0
17031070103,3,0
17031070200,3,2
17031070300,3,0
17031070400,3,0
17031070500,3,1
17031070600,3,0
17031070700,3,0
17031071000,3,0
17031071100,3,0
17031071200,3,0
17031071300,3,1
17031071400,3,2
17031071500,3,0
17031071600,3,0
17031071700,3,0
17031071800,3,0
17031080100,3,1
17031080201,3,0
17031080202,3,0
17031080300,3,0
17031080400,3,1
17031081000,3,0
17031081100,3,2
17031081201,3,2
17031081202,3,1
17031081300,3,0
17031081401,3,0
17031081402,3,1
17031081403,3,1
17031081500,3,2
17031081600,3,3
17031081700,3,0
17031081800,3,1
17031081900,3,1
17031090100,3,0
17031090200,3,0
17031090300,3,0
17031100100,3,0
17031100200,3,0
17031100300,3,0
17031100400,3,0
17031100500,3,0
17031100600,3,0
17031100700,3,0
17031110100,3,1
17031110200,3,0
17031110300,3,0
17031110400,3,0
17031110501,3,0
17031110502,3,0
17031120100,3,1
17031120200,3,1
17031120300,3,0
17031120400,3,1
17031130100,3,0
17031130200,3,0
17031130300,3,2
17031140100,3,1
17031140200,3,0
17031140301,3,0
17031140302,3,0
17031140400,3,1
17031140500,3,0
17031140601,3,0
17031140602,3,3
17031140701,3,0
17031140702,3,1
17031140800,3,0
17031150200,3,3
17031150300,3,0
17031150401,3,0
17031150402,3,0
17031150501,3,0
17031150502,3,2
17031150600,3,0
17031150700,3,1
17031150800,3,1
17031151001,3,0
17031151002,3,2
17031151100,3,1
17031151200,3,0
17031160100,3,1
17031160200,3,1
17031160300,3,1
17031160400,3,0
17031160501,3,0
17031160502,3,0
17031160601,3,0
17031160602,3,1
17031160700,3,1
17031160800,3,1
17031160900,3,0
17031161000,3,2
17031161100,3,0
17031161200,3,1
17031161300,3,0
17031170100,3,0
17031170200,3,0
17031170300,3,3
17031170400,3,0
17031170500,3,1
17031170600,3,2
17031170700,3,1
17031170800,3,1
17031170900,3,0
17031171000,3,0
17031171100,3,1
17031180100,3,0
17031190100,3,0
17031190200,3,1
17031190300,3,1
17031190401,3,0
17031190402,3,0
17031190601,3,0
17031190602,3,1
17031190701,3,0
17031190702,3,1
17031190800,3,1
17031190900,3,0
17031191000,3,2
17031191100,3,1
17031191200,3,0
17031191301,3,1
17031191302,3,1
17031200100,3,1
17031200200,3,0
17031200300,3,0
17031200401,3,0
17031200402,3,1
17031210100,3,0
17031210400,3,0
17031210501,3,2
17031210502,3,0
17031210601,3,1
17031210602,3,3
17031210700,3,0
17031210800,3,0
17031210900,3,0
17031220300,3,1
17031220400,3,2
17031220500,3,0
17031220601,3,0
17031220602,3,2
17031220701,3,0
17031220702,3,0
17031220901,3,1
17031220902,3,0
17031221000,3,0
17031221100,3,2
17031221200,3,0
17031221300,3,0
17031221400,3,0
17031221500,3,0
17031221600,3,0
17031222200,3,0
17031222500,3,0
17031222600,3,1
17031222700,3,0
17031222800,3,0
17031222900,3,0
17031230100,3,0
17031230200,3,0
17031230300,3,1
17031230400,3,2
17031230500,3,0
17031230600,3,5
17031230700,3,2
17031230800,3,0
17031230900,3,1
17031231100,3,0
17031231200,3,13
17031231500,3,14
17031240200,3,0
17031240300,3,0
17031240500,3,0
17031240600,3,0
17031240700,3,0
17031240800,3,2
17031240900,3,0
17031241000,3,1
17031241100,3,0
17031241200,3,0
17031241300,3,0
17031241400,3,2
17031241500,3,1
17031241600,3,1
17031242000,3,2
17031242100,3,2
17031242200,3,0
17031242300,3,1
17031242400,3,0
17031242500,3,2
17031242600,3,3
17031242700,3,0
17031242800,3,0
17031242900,3,0
17031243000,3,0
17031243100,3,0
17031243200,3,0
17031243300,3,0
17031243400,3,0
17031243500,3,2
17031250200,3,1
17031250300,3,4
17031250400,3,0
17031250500,3,0
17031250600,3,2
17031250700,3,1
17031250800,3,1
17031251000,3,0
17031251100,3,6
17031251200,3,4
17031251300,3,4
17031251400,3,3
17031251500,3,4
17031251600,3,3
17031251700,3,0
17031251800,3,3
17031251900,3,5
17031252000,3,5
17031252101,3,2
17031252102,3,6
17031252201,3,3
17031252202,3,5
17031260100,3,8
17031260200,3,3
17031260300,3,2
17031260400,3,5
17031260500,3,4
17031260600,3,5
17031260700,3,8
17031260800,3,7
17031260900,3,0
17031261000,3,4
17031270500,3,2
17031271200,3,3
17031271300,3,0
17031271400,3,2
17031271500,3,0
17031271800,3,1
17031280100,3,1
17031280400,3,2
17031280800,3,1
17031280900,3,0
17031281900,3,3
17031282700,3,3
17031282800,3,1
17031283100,3,0
17031283200,3,0
17031283800,3,1
17031290900,3,3
17031291200,3,1
17031291600,3,0
17031292200,3,5
17031292400,3,2
17031292500,3,6
17031300500,3,1
17031300600,3,0
17031300700,3,0
17031300800,3,0
17031300900,3,1
17031301100,3,0
17031301200,3,2
17031301600,3,0
17031301701,3,0
17031301702,3,0
17031301801,3,0
17031301802,3,0
17031301803,3,0
17031310200,3,0
17031310300,3,0
17031310400,3,1
17031310500,3,0
17031310600,3,1
17031310700,3,0
17031310800,3,0
17031310900,3,0
17031320101,3,1
17031320102,3,5
17031320400,3,2
17031320600,3,1
17031330101,3,0
17031330102,3,2
17031330103,3,2
17031330200,3,0
17031340300,3,0
17031340400,3,1
17031340500,3,0
17031340600,3,0
17031350100,3,0
17031350400,3,3
17031351000,3,1
17031351100,3,0
17031351400,3,0
17031351500,3,0
17031360200,3,0
17031380100,3,1
17031380200,3,0
17031380600,3,1
17031381200,3,1
17031381400,3,2
17031381500,3,1
17031381800,3,1
17031381900,3,1
17031390100,3,0
17031390200,3,0
17031390300,3,1
17031390400,3,1
17031390500,3,1
17031390600,3,0
17031390700,3,1
17031400300,3,0
17031400400,3,2
17031400500,3,4
17031400800,3,0
17031410100,3,0
17031410200,3,0
17031410500,3,0
17031410600,3,0
17031410700,3,1
17031410800,3,0
17031410900,3,1
17031411000,3,0
17031411100,3,0
17031411200,3,0
17031420100,3,0
17031420200,3,1
17031420300,3,0
17031420400,3,0
17031420500,3,0
17031420600,3,1
17031420700,3,0
17031420800,3,0
17031421200,3,1
17031430101,3,2
17031430102,3,1
17031430200,3,2
17031430300,3,0
17031430400,3,2
17031430500,3,2
17031430600,3,0
17031430700,3,0
17031430800,3,0
17031430900,3,0
17031431200,3,0
17031431301,3,1
17031431302,3,1
17031431400,3,4
17031440101,3,5
17031440102,3,4
17031440201,3,2
17031440202,3,0
17031440300,3,1
17031440600,3,0
17031440700,3,2
17031440800,3,1
17031440900,3,1
17031450300,3,2
17031460100,3,2
17031460200,3,0
17031460301,3,2
17031460302,3,1
17031460400,3,2
17031460500,3,2
17031460800,3,1
17031461000,3,0
17031470100,3,0
17031480100,3,1
17031480200,3,0
17031480300,3,0
17031480400,3,2
17031480500,3,0
17031490200,3,1
17031490500,3,2
17031490600,3,0
17031490700,3,0
17031490800,3,0
17031490901,3,2
17031490902,3,1
17031491000,3,9
17031491100,3,2
17031491200,3,0
17031491300,3,2
17031491400,3,0
17031500100,3,1
17031500200,3,1
17031500300,3,0
17031510100,3,0
17031510200,3,0
17031510300,3,2
17031520100,3,0
17031520200,3,3
17031520300,3,0
17031520400,3,1
17031520500,3,0
17031520600,3,0
17031530100,3,2
17031530200,3,0
17031530300,3,1
17031530400,3,0
17031530501,3,2
17031530502,3,0
17031530503,3,2
17031530600,3,1
17031540101,3,2
17031540102,3,0
17031550100,3,2
17031550200,3,0
17031560100,3,0
17031560200,3,2
17031560300,3,0
17031560400,3,0
17031560700,3,0
17031560800,3,1
17031560900,3,0
17031561000,3,0
17031561100,3,2
17031570100,3,0
17031570200,3,0
17031570300,3,0
17031570400,3,0
17031570500,3,0
17031580100,3,0
17031580200,3,0
17031580300,3,0
17031580400,3,1
17031580501,3,0
17031580502,3,0
17031580600,3,2
17031580700,3,0
17031580800,3,0
17031590500,3,0
17031590600,3,1
17031590700,3,1
17031600400,3,0
17031600600,3,0
17031600700,3,0
17031600900,3,1
17031610300,3,1
17031610400,3,1
17031610800,3,0
17031611200,3,0
17031611300,3,2
17031611400,3,1
17031611500,3,0
17031611600,3,0
17031611700,3,1
17031611800,3,2
17031611900,3,2
17031612000,3,1
17031612100,3,2
17031612200,3,2
17031620100,3,0
17031620200,3,0
17031620300,3,0
17031620400,3,0
17031630300,3,0
17031630400,3,1
17031630500,3,0
17031630600,3,0
17031630800,3,1
17031630900,3,0
17031640100,3,0
17031640300,3,2
17031640400,3,1
17031640500,3,0
17031640600,3,3
17031640700,3,0
17031640800,3,0
17031650100,3,1
17031650200,3,2
17031650301,3,2
17031650302,3,2
17031650400,3,1
17031650500,3,1
17031660301,3,0
17031660302,3,1
17031660400,3,0
17031660500,3,1
17031660600,3,3
17031660700,3,1
17031660800,3,1
17031660900,3,3
17031661000,3,1
17031661100,3,0
17031670100,3,0
17031670200,3,0
17031670300,3,0
17031670400,3,0
17031670500,3,0
17031670600,3,1
17031670700,3,0
17031670800,3,0
17031670900,3,0
17031671100,3,0
17031671200,3,0
17031671300,3,2
17031671400,3,1
17031671500,3,0
17031671600,3,1
17031671800,3,1
17031671900,3,1
17031672000,3,1
17031680500,3,0
17031680600,3,1
17031680900,3,2
17031681000,3,0
17031681100,3,2
17031681200,3,2
17031681300,3,2
17031681400,3,1
17031690300,3,0
17031690400,3,2
17031690500,3,1
17031690900,3,3
17031691000,3,2
17031691100,3,1
17031691200,3,0
17031691300,3,1
17031691400,3,3
17031691500,3,3
17031700100,3,0
17031700200,3,2
17031700301,3,1
17031700302,3,2
17031700401,3,0
17031700402,3,2
17031700501,3,0
17031700502,3,0
17031710100,3,0
17031710200,3,0
17031710300,3,0
17031710400,3,1
17031710500,3,3
17031710600,3,1
17031710700,3,0
17031710800,3,1
17031710900,3,1
17031711000,3,0
17031711100,3,1
17031711200,3,1
17031711300,3,0
17031711400,3,0
17031711500,3,0
17031720100,3,0
17031720200,3,0
17031720300,3,0
17031720400,3,0
17031720500,3,0
17031720600,3,0
17031720700,3,0
17031730100,3,0
17031730201,3,1
17031730202,3,1
17031730300,3,0
17031730400,3,1
17031730500,3,1
17031730600,3,1
17031730700,3,1
17031740100,3,1
17031740200,3,0
17031740300,3,2
17031740400,3,1
17031750100,3,0
17031750200,3,0
17031750300,3,0
17031750400,3,0
17031750500,3,0
17031750600,3,1
17031760801,3,0
17031760802,3,0
17031760803,3,1
17031770201,3,0
17031770202,3,0
17031770300,3,2
17031770400,3,0
17031770500,3,1
17031770601,3,0
17031770602,3,0
17031770700,3,2
17031770800,3,1
17031770901,3,0
17031770902,3,0
17031800100,3,0
17031800200,3,0
17031800300,3,1
17031800400,3,1
17031800500,3,1
17031800600,3,0
17031800700,3,0
17031800800,3,0
17031800900,3,0
17031801000,3,0
17031801100,3,0
17031801200,3,0
17031801300,3,2
17031801400,3,0
17031801500,3,0
17031801601,3,0
17031801603,3,1
17031801605,3,0
17031801606,3,0
17031801607,3,1
17031801608,3,0
17031801701,3,0
17031801702,3,0
17031801800,3,0
17031801901,3,0
17031801902,3,2
17031802002,3,1
17031802003,3,0
17031802004,3,0
17031802100,3,0
17031802200,3,0
17031802300,3,0
17031802402,3,0
17031802403,3,0
17031802404,3,0
17031802503,3,0
17031802504,3,0
17031802505,3,0
17031802506,3,0
17031802605,3,0
17031802607,3,0
17031802608,3,3
17031802609,3,1
17031802610,3,0
17031802701,3,1
17031802702,3,0
17031802801,3,2
17031802802,3,1
17031802900,3,0
17031803005,3,0
17031803007,3,0
17031803008,3,1
17031803010,3,0
17031803012,3,1
17031803013,3,1
17031803014,3,0
17031803015,3,1
17031803016,3,0
17031803017,3,0
17031803100,3,0
17031803200,3,0
17031803300,3,1
17031803400,3,0
17031803500,3,0
17031803603,3,1
17031803604,3,0
17031803605,3,0
17031803607,3,0
17031803608,3,2
17031803611,3,0
17031803612,3,3
17031803613,3,0
17031803614,3,1
17031803615,3,1
17031803616,3,1
17031803701,3,0
17031803702,3,0
17031803800,3,1
17031803901,3,1
17031803902,3,0
17031804000,3,0
17031804102,3,0
17031804104,3,0
17031804105,3,1
17031804106,3,0
17031804108,3,1
17031804109,3,0
17031804202,3,1
17031804203,3,0
17031804204,3,0
17031804305,3,0
17031804306,3,0
17031804308,3,1
17031804309,3,0
17031804312,3,0
17031804313,3,0
17031804314,3,0
17031804315,3,1
17031804316,3,0
17031804403,3,1
17031804404,3,0
17031804405,3,0
17031804406,3,1
17031804505,3,0
17031804506,3,0
17031804508,3,0
17031804509,3,1
17031804510,3,0
17031804511,3,0
17031804512,3,0
17031804513,3,0
17031804514,3,2
17031804603,3,1
17031804606,3,0
17031804607,3,0
17031804608,3,1
17031804609,3,0
17031804610,3,0
17031804611,3,0
17031804701,3,3
17031804705,3,0
17031804706,3,1
17031804709,3,1
17031804710,3,0
17031804711,3,2
17031804712,3,1
17031804713,3,0
17031804714,3,0
17031804715,3,0
17031804716,3,1
17031804803,3,2
17031804804,3,0
17031804805,3,2
17031804806,3,1
17031804807,3,1
17031804808,3,0
17031804809,3,2
17031804810,3,0
17031804901,3,0
17031804902,3,0
17031805001,3,0
17031805002,3,0
17031805105,3,1
17031805106,3,0
17031805107,3,0
17031805108,3,1
17031805109,3,0
17031805110,3,1
17031805111,3,1
17031805112,3,1
17031805201,3,1
17031805202,3,0
17031805301,3,0
17031805302,3,0
17031805401,3,0
17031805402,3,0
17031805501,3,0
17031805502,3,0
17031805600,3,1
17031805701,3,0
17031805702,3,0
17031805801,3,0
17031805802,3,0
17031805901,3,0
17031805902,3,0
17031806001,3,0
17031806002,3,0
17031806004,3,0
17031806005,3,0
17031806006,3,0
17031806102,3,0
17031806103,3,1
17031806104,3,1
17031806201,3,1
17031806202,3,0
17031806300,3,0
17031806400,3,1
17031806501,3,1
17031806502,3,0
17031806600,3,2
17031806700,3,0
17031806801,3,1
17031806802,3,0
17031806900,3,0
17031807000,3,0
17031807100,3,1
17031807200,3,1
17031807300,3,0
17031807400,3,0
17031807500,3,0
17031807600,3,1
17031807700,3,1
17031807800,3,0
17031807900,3,0
17031808001,3,2
17031808002,3,1
17031808100,3,0
17031808200,3,0
17031808301,3,1
17031808302,3,0
17031808400,3,0
17031808500,3,0
17031808600,3,0
17031808702,3,0
17031808800,3,0
17031808900,3,0
17031809000,3,0
17031809100,3,0
17031809200,3,0
17031809300,3,1
17031809401,3,0
17031809402,3,0
17031809500,3,2
17031809600,3,1
17031809700,3,0
17031809800,3,0
17031809900,3,0
17031810000,3,0
17031810100,3,0
17031810200,3,0
17031810301,3,1
17031810302,3,0
17031810400,3,0
17031810501,3,0
17031810502,3,2
17031810600,3,0
17031810701,3,3
17031810702,3,1
17031810800,3,1
17031810900,3,2
17031811000,3,0
17031811100,3,1
17031811200,3,2
17031811301,3,2
17031811302,3,1
17031811401,3,1
17031811402,3,4
17031811500,3,0
17031811600,3,0
17031811701,3,0
17031811702,3,0
17031811800,3,0
17031811900,3,0
17031812000,3,0
17031812100,3,2
17031812200,3,0
17031812301,3,0
17031812302,3,0
17031812400,3,0
17031812500,3,1
17031812600,3,0
17031812700,3,1
17031812801,3,0
17031812802,3,0
17031812900,3,0
17031813000,3,0
17031813100,3,0
17031813200,3,0
17031813301,3,1
17031813302,3,1
17031813400,3,1
17031813500,3,1
17031813600,3,1
17031813701,3,1
17031813702,3,1
17031813801,3,1
17031813802,3,0
17031813900,3,0
17031814000,3,0
17031814100,3,0
17031814200,3,0
17031814300,3,0
17031814400,3,0
17031814500,3,0
17031814600,3,0
17031814700,3,0
17031814800,3,1
17031814900,3,0
17031815000,3,1
17031815100,3,1
17031815200,3,0
17031815300,3,0
17031815400,3,0
17031815500,3,1
17031815600,3,2
17031815701,3,1
17031815702,3,1
17031815800,3,0
17031815900,3,0
17031816000,3,0
17031816100,3,3
17031816200,3,1
17031816300,3,0
17031816401,3,1
17031816402,3,1
17031816500,3,1
17031816600,3,0
17031816700,3,0
17031816800,3,1
17031816900,3,1
17031817000,3,0
17031817101,3,0
17031817102,3,1
17031817200,3,0
17031817300,3,1
17031817400,3,1
17031817500,3,2
17031817600,3,1
17031817700,3,2
17031817900,3,4
17031818000,3,1
17031818100,3,1
17031818200,3,0
17031818300,3,1
17031818401,3,0
17031818402,3,0
17031818500,3,0
17031818600,3,0
17031818700,3,0
17031818800,3,1
17031818900,3,1
17031819000,3,0
17031819100,3,3
17031819200,3,1
17031819300,3,1
17031819400,3,0
17031819500,3,1
17031819600,3,0
17031819700,3,0
17031819801,3,0
17031819802,3,0
17031819900,3,0
17031820000,3,0
17031820101,3,0
17031820103,3,1
17031820104,3,0
17031820202,3,2
17031820203,3,0
17031820204,3,0
17031820300,3,0
17031820400,3,2
17031820501,3,3
17031820502,3,0
17031820603,3,1
17031820604,3,1
17031820605,3,1
17031820606,3,0
17031820700,3,1
17031820800,3,1
17031820901,3,3
17031820902,3,0
17031821001,3,4
17031821002,3,0
17031821101,3,1
17031821102,3,2
17031821200,3,2
17031821300,3,3
17031821401,3,1
17031821402,3,1
17031821500,3,2
17031821600,3,2
17031821700,3,0
17031821800,3,0
17031821900,3,1
17031822000,3,1
17031822101,3,1
17031822102,3,4
17031822200,3,2
17031822301,3,0
17031822302,3,0
17031822400,3,0
17031822500,3,0
17031822601,3,0
17031822602,3,0
17031822701,3,0
17031822702,3,1
17031822801,3,0
17031822802,3,0
17031822900,3,1
17031823001,3,3
17031823002,3,0
17031823101,3,2
17031823102,3,1
17031823200,3,1
17031823302,3,2
17031823303,3,1
17031823304,3,0
17031823400,3,1
17031823500,3,0
17031823602,3,4
17031823603,3,0
17031823604,3,1
17031823605,3,1
17031823702,3,0
17031823703,3,0
17031823704,3,1
17031823705,3,0
17031823801,3,1
17031823803,3,0
17031823805,3,1
17031823806,3,5
17031823901,3,0
17031823903,3,0
17031823904,3,1
17031824003,3,0
17031824004,3,0
17031824005,3,0
17031824006,3,0
17031824105,3,2
17031824106,3,0
17031824107,3,0
17031824113,3,0
17031824114,3,0
17031824115,3,0
17031824116,3,0
17031824119,3,0
17031824121,3,0
17031824122,3,3
17031824123,3,5
17031824124,3,1
17031824125,3,0
17031824126,3,1
17031824127,3,3
17031824128,3,0
17031824129,3,0
17031824300,3,4
17031824400,3,0
17031824503,3,1
17031824505,3,0
17031824507,3,1
17031824508,3,0
17031824509,3,1
17031824601,3,0
17031824602,3,3
17031824701,3,0
17031824702,3,0
17031824800,3,1
17031824900,3,0
17031825000,3,0
17031825200,3,1
17031825302,3,0
17031825303,3,2
17031825304,3,1
17031825400,3,0
17031825501,3,1
17031825503,3,1
17031825504,3,1
17031825505,3,0
17031825600,3,6
17031825700,3,1
17031825801,3,1
17031825802,3,2
17031825803,3,1
17031825900,3,1
17031826000,3,0
17031826100,3,2
17031826201,3,1
17031826202,3,2
17031826301,3,0
17031826303,3,0
17031826304,3,0
17031826401,3,0
17031826402,3,0
17031826500,3,0
17031826600,3,1
17031826700,3,2
17031826800,3,3
17031826901,3,1
17031826902,3,1
17031827000,3,1
17031827100,3,0
17031827200,3,5
17031827300,3,3
17031827400,3,3
17031827500,3,3
17031827600,3,1
17031827700,3,2
17031827801,3,1
17031827802,3,0
17031827804,3,0
17031827805,3,1
17031827901,3,2
17031827902,3,0
17031828000,3,0
17031828100,3,0
17031828201,3,1
17031828202,3,0
17031828300,3,0
17031828401,3,1
17031828402,3,2
17031828503,3,1
17031828504,3,0
17031828505,3,0
17031828507,3,0
17031828508,3,1
17031828601,3,1
17031828602,3,0
17031828701,3,0
17031828702,3,0
17031828801,3,0
17031828802,3,0
17031828900,3,1
17031829000,3,0
17031829100,3,2
17031829200,3,1
17031829301,3,1
17031829302,3,1
17031829401,3,0
17031829402,3,0
17031829500,3,1
17031829600,3,1
17031829700,3,0
17031829800,3,0
17031829902,3,1
17031829903,3,0
17031829904,3,0
17031830001,3,2
17031830003,3,0
17031830004,3,2
17031830005,3,0
17031830006,3,1
17031830007,3,0
17031830008,3,0
17031830100,3,0
17031830201,3,1
17031830202,3,0
17031830300,3,1
17031830400,3,0
17031830500,3,2
17031830600,3,2
17031830700,3,3
17031830800,3,1
17031830900,3,1
17031831000,3,0
17031831100,3,0
17031831200,3,3
17031831300,3,1
17031831400,3,4
17031831500,3,1
17031831600,3,0
17031831700,3,0
17031831800,3,0
17031831900,3,0
17031832000,3,1
17031832100,3,0
17031832200,3,0
17031832300,3,0
17031832400,3,0
17031832500,3,0
17031832600,3,0
17031832900,3,0
17031833000,3,2
17031833100,3,4
17031833300,3,0
17031833900,3,0
17031834000,3,4
17031834200,3,3
17031834300,3,1
17031834400,3,0
17031834500,3,0
17031834600,3,1
17031834700,3,0
17031834800,3,3
17031834900,3,2
17031835000,3,2
17031835100,3,0
17031835200,3,1
17031835500,3,1
17031835600,3,2
17031835800,3,0
17031836000,3,0
17031836100,3,0
17031836200,3,0
17031836300,3,0
17031836400,3,0
17031836500,3,2
17031836600,3,7
17031836700,3,1
17031836800,3,5
17031836900,3,1
17031837000,3,5
17031837100,3,0
17031837300,3,4
17031837400,3,0
17031837800,3,2
17031838000,3,2
17031838100,3,1
17031838200,3,1
17031838300,3,0
17031838600,3,4
17031838700,3,4
17031838800,3,1
17031839000,3,0
17031839100,3,9
17031839200,3,0
17031839500,3,2
17031839600,3,0
17031839700,3,1
17031839800,3,0
17031839900,3,0
17031840000,3,1
17031840100,3,0
17031840200,3,0
17031840300,3,0
17031840400,3,3
17031840700,3,1
17031840800,3,1
17031841000,3,1
17031841100,3,1
17031841200,3,1
17031841300,3,0
17031841500,3,2
17031841700,3,1
17031841800,3,1
17031841900,3,2
17031842000,3,3
17031842100,3,4
17031842200,3,1
17031842300,3,0
17031842400,3,1
17031842500,3,0
17031842600,3,1
17031842800,3,0
17031842900,3,1
17031843000,3,6
17031843100,3,2
17031843200,3,0
17031843300,3,1
17031843400,3,1
17031843500,3,5
17031843600,3,0
17031843700,3,1
17031843800,3,2
17031843900,3,1
17031844600,3,0
17031844700,3,5
17031010100,4,0
17031010201,4,1
17031010202,4,3
17031010300,4,0
17031010400,4,1
17031010501,4,0
17031010502,4,1
17031010503,4,0
17031010600,4,0
17031010701,4,0
17031010702,4,3
17031020100,4,0
17031020200,4,0
17031020301,4,0
17031020302,4,1
17031020400,4,0
17031020500,4,0
17031020601,4,1
17031020602,4,1
17031020701,4,0
17031020702,4,1
17031020801,4,0
17031020802,4,0
17031020901,4,0
17031020902,4,0
17031030101,4,1
17031030102,4,0
17031030103,4,1
17031030104,4,0
17031030200,4,0
17031030300,4,0
17031030400,4,1
17031030500,4,2
17031030601,4,0
17031030603,4,0
17031030604,4,1
17031030701,4,1
17031030702,4,0
17031030703,4,0
17031030706,4,1
17031030800,4,0
17031030900,4,0
17031031000,4,0
17031031100,4,0
17031031200,4,3
17031031300,4,0
17031031400,4,2
17031031501,4,2
17031031502,4,1
17031031700,4,5
17031031800,4,0
17031031900,4,0
17031032100,4,1
17031040100,4,2
17031040201,4,1
17031040202,4,4
17031040300,4,0
17031040401,4,0
17031040402,4,1
17031040600,4,1
17031040700,4,0
17031040800,4,0
17031040900,4,1
17031050100,4,0
17031050200,4,0
17031050300,4,0
17031050500,4,1
17031050600,4,0
17031050700,4,0
17031050800,4,0
17031050900,4,0
17031051000,4,0
17031051100,4,0
17031051200,4,0
17031051300,4,0
17031051400,4,0
17031060100,4,0
17031060200,4,0
17031060300,4,0
17031060400,4,0
17031060500,4,1
17031060800,4,0
17031060900,4,0
17031061000,4,0
17031061100,4,1
17031061200,4,0
17031061500,4,0
17031061800,4,0
17031061901,4,0
17031061902,4,0
17031062000,4,0
17031062100,4,0
17031062200,4,0
17031062300,4,1
17031062400,4,0
17031062500,4,0
17031062600,4,0
17031062700,4,0
17031062800,4,1
17031062900,4,0
17031063000,4,2
17031063100,4,0
17031063200,4,0
17031063301,4,0
17031063302,4,0
17031063303,4,0
17031063400,4,0
17031070101,4,0
17031070102,4,0
17031070103,4,0
17031070200,4,0
17031070300,4,0
17031070400,4,0
17031070500,4,0
17031070600,4,1
17031070700,4,1
17031071000,4,0
17031071100,4,0
17031071200,4,0
17031071300,4,0
17031071400,4,0
17031071500,4,0
17031071600,4,2
17031071700,4,0
17031071800,4,0
17031080100,4,0
17031080201,4,0
17031080202,4,0
17031080300,4,0
17031080400,4,0
17031081000,4,2
17031081100,4,0
17031081201,4,0
17031081202,4,0
17031081300,4,1
17031081401,4,2
17031081402,4,2
17031081403,4,1
17031081500,4,0
17031081600,4,1
17031081700,4,2
17031081800,4,1
17031081900,4,1
17031090100,4,0
17031090200,4,1
17031090300,4,0
17031100100,4,2
17031100200,4,0
17031100300,4,0
17031100400,4,1
17031100500,4,0
17031100600,4,0
17031100700,4,0
17031110100,4,2
17031110200,4,1
17031110300,4,1
17031110400,4,0
17031110501,4,2
17031110502,4,1
17031120100,4,0
17031120200,4,0
17031120300,4,0
17031120400,4,1
17031130100,4,0
17031130200,4,0
17031130300,4,0
17031140100,4,0
17031140200,4,0
17031140301,4,0
17031140302,4,1
17031140400,4,1
17031140500,4,0
17031140601,4,0
17031140602,4,0
17031140701,4,0
17031140702,4,0
17031140800,4,0
17031150200,4,1
17031150300,4,1
17031150401,4,1
17031150402,4,1
17031150501,4,1
17031150502,4,0
17031150600,4,1
17031150700,4,0
17031150800,4,2
17031151001,4,0
17031151002,4,2
17031151100,4,0
17031151200,4,1
17031160100,4,1
17031160200,4,0
17031160300,4,3
17031160400,4,0
17031160501,4,0
17031160502,4,0
17031160601,4,1
17031160602,4,0
17031160700,4,0
17031160800,4,1
17031160900,4,1
17031161000,4,0
17031161100,4,0
17031161200,4,1
17031161300,4,1
17031170100,4,0
17031170200,4,2
17031170300,4,0
17031170400,4,2
17031170500,4,0
17031170600,4,2
17031170700,4,0
17031170800,4,0
17031170900,4,2
17031171000,4,2
17031171100,4,1
17031180100,4,2
17031190100,4,1
17031190200,4,0
17031190300,4,1
17031190401,4,1
17031190402,4,0
17031190601,4,0
17031190602,4,0
17031190701,4,0
17031190702,4,1
17031190800,4,1
17031190900,4,0
17031191000,4,0
17031191100,4,1
17031191200,4,0
17031191301,4,0
17031191302,4,0
17031200100,4,0
17031200200,4,0
17031200300,4,0
17031200401,4,1
17031200402,4,0
17031210100,4,1
17031210400,4,0
17031210501,4,1
17031210502,4,3
17031210601,4,0
17031210602,4,0
17031210700,4,0
17031210800,4,0
17031210900,4,1
17031220300,4,0
17031220400,4,0
17031220500,4,0
17031220601,4,1
17031220602,4,0
17031220701,4,0
17031220702,4,1
17031220901,4,0
17031220902,4,3
17031221000,4,0
17031221100,4,1
17031221200,4,0
17031221300,4,0
17031221400,4,0
17031221500,4,0
17031221600,4,0
17031222200,4,1
17031222500,4,2
17031222600,4,1
17031222700,4,0
17031222800,4,0
17031222900,4,0
17031230100,4,0
17031230200,4,0
17031230300,4,0
17031230400,4,1
17031230500,4,0
17031230600,4,7
17031230700,4,2
17031230800,4,0
17031230900,4,3
17031231100,4,4
17031231200,4,9
17031231500,4,19
17031240200,4,0
17031240300,4,0
17031240500,4,0
17031240600,4,1
17031240700,4,0
17031240800,4,1
17031240900,4,1
17031241000,4,0
17031241100,4,1
17031241200,4,0
17031241300,4,0
17031241400,4,1
17031241500,4,1
17031241600,4,2
17031242000,4,1
17031242100,4,0
17031242200,4,0
17031242300,4,0
17031242400,4,2
17031242500,4,1
17031242600,4,1
17031242700,4,1
17031242800,4,0
17031242900,4,0
17031243000,4,2
17031243100,4,1
17031243200,4,0
17031243300,4,1
17031243400,4,0
17031243500,4,2
17031250200,4,2
17031250300,4,0
17031250400,4,3
17031250500,4,2
17031250600,4,3
17031250700,4,3
17031250800,4,2
17031251000,4,2
17031251100,4,2
17031251200,4,2
17031251300,4,4
17031251400,4,3
17031251500,4,3
17031251600,4,6
17031251700,4,1
17031251800,4,7
17031251900,4,8
17031252000,4,6
17031252101,4,1
17031252102,4,8
17031252201,4,1
17031252202,4,5
17031260100,4,2
17031260200,4,8
17031260300,4,0
17031260400,4,4
17031260500,4,5
17031260600,4,5
17031260700,4,8
17031260800,4,3
17031260900,4,2
17031261000,4,6
17031270500,4,4
17031271200,4,2
17031271300,4,2
17031271400,4,5
17031271500,4,3
17031271800,4,1
17031280100,4,2
17031280400,4,1
17031280800,4,2
17031280900,4,1
17031281900,4,1
17031282700,4,1
17031282800,4,0
17031283100,4,0
17031283200,4,1
17031283800,4,1
17031290900,4,6
17031291200,4,1
17031291600,4,1
17031292200,4,3
17031292400,4,3
17031292500,4,1
17031300500,4,1
17031300600,4,2
17031300700,4,0
17031300800,4,2
17031300900,4,0
17031301100,4,0
17031301200,4,2
17031301600,4,0
17031301701,4,0
17031301702,4,0
17031301801,4,1
17031301802,4,0
17031301803,4,1
17031310200,4,0
17031310300,4,0
17031310400,4,0
17031310500,4,0
17031310600,4,0
17031310700,4,1
17031310800,4,1
17031310900,4,0
17031320101,4,0
17031320102,4,2
17031320400,4,1
17031320600,4,2
17031330101,4,0
17031330102,4,1
17031330103,4,1
17031330200,4,0
17031340300,4,0
17031340400,4,0
17031340500,4,0
17031340600,4,0
17031350100,4,0
17031350400,4,2
17031351000,4,1
17031351100,4,0
17031351400,4,1
17031351500,4,0
17031360200,4,0
17031380100,4,2
17031380200,4,0
17031380600,4,2
17031381200,4,2
17031381400,4,1
17031381500,4,0
17031381800,4,0
17031381900,4,0
17031390100,4,0
17031390200,4,0
17031390300,4,3
17031390400,4,0
17031390500,4,0
17031390600,4,0
17031390700,4,0
17031400300,4,0
17031400400,4,2
17031400500,4,2
17031400800,4,1
17031410100,4,0
17031410200,4,0
17031410500,4,0
17031410600,4,0
17031410700,4,0
17031410800,4,0
17031410900,4,0
17031411000,4,0
17031411100,4,0
17031411200,4,2
17031420100,4,1
17031420200,4,1
17031420300,4,0
17031420400,4,0
17031420500,4,0
17031420600,4,1
17031420700,4,0
17031420800,4,3
17031421200,4,0
17031430101,4,2
17031430102,4,2
17031430200,4,1
17031430300,4,2
17031430400,4,1
17031430500,4,0
17031430600,4,1
17031430700,4,1
17031430800,4,0
17031430900,4,0
17031431200,4,1
17031431301,4,2
17031431302,4,3
17031431400,4,3
17031440101,4,1
17031440102,4,3
17031440201,4,1
17031440202,4,1
17031440300,4,1
17031440600,4,1
17031440700,4,0
17031440800,4,0
17031440900,4,0
17031450300,4,0
17031460100,4,1
17031460200,4,0
17031460301,4,0
17031460302,4,5
17031460400,4,1
17031460500,4,2
17031460800,4,0
17031461000,4,0
17031470100,4,0
17031480100,4,1
17031480200,4,0
17031480300,4,0
17031480400,4,1
17031480500,4,0
17031490200,4,2
17031490500,4,0
17031490600,4,1
17031490700,4,1
17031490800,4,2
17031490901,4,0
17031490902,4,0
17031491000,4,7
17031491100,4,1
17031491200,4,0
17031491300,4,3
17031491400,4,0
17031500100,4,0
17031500200,4,1
17031500300,4,0
17031510100,4,1
17031510200,4,1
17031510300,4,1
17031520100,4,0
17031520200,4,0
17031520300,4,0
17031520400,4,0
17031520500,4,1
17031520600,4,0
17031530100,4,0
17031530200,4,3
17031530300,4,1
17031530400,4,0
17031530501,4,2
17031530502,4,1
17031530503,4,0
17031530600,4,2
17031540101,4,1
17031540102,4,1
17031550100,4,1
17031550200,4,1
17031560100,4,0
17031560200,4,1
17031560300,4,0
17031560400,4,0
17031560700,4,0
17031560800,4,1
17031560900,4,1
17031561000,4,2
17031561100,4,0
17031570100,4,0
17031570200,4,0
17031570300,4,2
17031570400,4,0
17031570500,4,0
17031580100,4,0
17031580200,4,0
17031580300,4,0
17031580400,4,1
17031580501,4,2
17031580502,4,0
17031580600,4,0
17031580700,4,0
17031580800,4,0
17031590500,4,0
17031590600,4,0
17031590700,4,0
17031600400,4,1
17031600600,4,0
17031600700,4,0
17031600900,4,1
17031610300,4,2
17031610400,4,1
17031610800,4,0
17031611200,4,2
17031611300,4,1
17031611400,4,1
17031611500,4,0
17031611600,4,0
17031611700,4,0
17031611800,4,0
17031611900,4,0
17031612000,4,0
17031612100,4,0
17031612200,4,1
17031620100,4,0
17031620200,4,1
17031620300,4,0
17031620400,4,0
17031630300,4,0
17031630400,4,0
17031630500,4,0
17031630600,4,0
17031630800,4,2
17031630900,4,2
17031640100,4,1
17031640300,4,2
17031640400,4,0
17031640500,4,0
17031640600,4,2
17031640700,4,0
17031640800,4,0
17031650100,4,1
17031650200,4,1
17031650301,4,0
17031650302,4,0
17031650400,4,0
17031650500,4,1
17031660301,4,0
17031660302,4,1
17031660400,4,1
17031660500,4,1
17031660600,4,3
17031660700,4,0
17031660800,4,0
17031660900,4,3
17031661000,4,4
17031661100,4,0
17031670100,4,3
17031670200,4,0
17031670300,4,1
17031670400,4,1
17031670500,4,0
17031670600,4,1
17031670700,4,0
17031670800,4,1
17031670900,4,1
17031671100,4,0
17031671200,4,0
17031671300,4,1
17031671400,4,1
17031671500,4,3
17031671600,4,2
17031671800,4,1
17031671900,4,2
17031672000,4,1
17031680500,4,1
17031680600,4,0
17031680900,4,1
17031681000,4,2
17031681100,4,2
17031681200,4,1
17031681300,4,3
17031681400,4,0
17031690300,4,1
17031690400,4,2
17031690500,4,0
17031690900,4,0
17031691000,4,1
17031691100,4,2
17031691200,4,2
17031691300,4,1
17031691400,4,1
17031691500,4,1
17031700100,4,1
17031700200,4,2
17031700301,4,0
17031700302,4,1
17031700401,4,0
17031700402,4,0
17031700501,4,0
17031700502,4,0
17031710100,4,0
17031710200,4,2
17031710300,4,1
17031710400,4,1
17031710500,4,1
17031710600,4,1
17031710700,4,1
17031710800,4,5
17031710900,4,1
17031711000,4,1
17031711100,4,3
17031711200,4,1
17031711300,4,0
17031711400,4,5
17031711500,4,1
17031720100,4,0
17031720200,4,1
17031720300,4,0
17031720400,4,0
17031720500,4,0
17031720600,4,0
17031720700,4,0
17031730100,4,0
17031730201,4,2
17031730202,4,2
17031730300,4,1
17031730400,4,0
17031730500,4,0
17031730600,4,0
17031730700,4,0
17031740100,4,0
17031740200,4,1
17031740300,4,1
17031740400,4,1
17031750100,4,1
17031750200,4,1
17031750300,4,0
17031750400,4,0
17031750500,4,0
17031750600,4,1
17031760801,4,0
17031760802,4,0
17031760803,4,0
17031770201,4,1
17031770202,4,0
17031770300,4,1
17031770400,4,0
17031770500,4,2
17031770601,4,0
17031770602,4,0
17031770700,4,0
17031770800,4,1
17031770901,4,3
17031770902,4,0
17031800100,4,0
17031800200,4,0
17031800300,4,0
17031800400,4,0
17031800500,4,0
17031800600,4,0
17031800700,4,0
17031800800,4,1
17031800900,4,0
17031801000,4,1
17031801100,4,0
17031801200,4,0
17031801300,4,0
17031801400,4,1
17031801500,4,0
17031801601,4,0
17031801603,4,2
17031801605,4,1
17031801606,4,0
17031801607,4,2
17031801608,4,0
17031801701,4,0
17031801702,4,0
17031801800,4,0
17031801901,4,2
17031801902,4,1
17031802002,4,0
17031802003,4,1
17031802004,4,0
17031802100,4,0
17031802200,4,0
17031802300,4,0
17031802402,4,0
17031802403,4,0
17031802404,4,1
17031802503,4,0
17031802504,4,0
17031802505,4,1
17031802506,4,1
17031802605,4,0
17031802607,4,0
17031802608,4,2
17031802609,4,0
17031802610,4,0
17031802701,4,0
17031802702,4,0
17031802801,4,0
17031802802,4,0
17031802900,4,0
17031803005,4,0
17031803007,4,0
17031803008,4,0
17031803010,4,0
17031803012,4,1
17031803013,4,0
17031803014,4,0
17031803015,4,0
17031803016,4,0
17031803017,4,3
17031803100,4,0
17031803200,4,0
17031803300,4,1
17031803400,4,1
17031803500,4,1
17031803603,4,0
17031803604,4,0
17031803605,4,0
17031803607,4,0
17031803608,4,0
17031803611,4,1
17031803612,4,0
17031803613,4,1
17031803614,4,1
17031803615,4,0
17031803616,4,1
17031803701,4,0
17031803702,4,1
17031803800,4,0
17031803901,4,3
17031803902,4,1
17031804000,4,0
17031804102,4,0
17031804104,4,0
17031804105,4,0
17031804106,4,0
17031804108,4,0
17031804109,4,0
17031804202,4,0
17031804203,4,0
17031804204,4,0
17031804305,4,0
17031804306,4,0
17031804308,4,0
17031804309,4,0
17031804312,4,0
17031804313,4,0
17031804314,4,0
17031804315,4,0
17031804316,4,1
17031804403,4,0
17031804404,4,0
17031804405,4,1
17031804406,4,0
17031804505,4,0
17031804506,4,1
17031804508,4,0
17031804509,4,0
17031804510,4,1
17031804511,4,0
17031804512,4,1
17031804513,4,0
17031804514,4,0
17031804603,4,1
17031804606,4,1
17031804607,4,0
17031804608,4,0
17031804609,4,0
17031804610,4,0
17031804611,4,3
17031804701,4,2
17031804705,4,0
17031804706,4,0
17031804709,4,0
17031804710,4,1
17031804711,4,2
17031804712,4,1
17031804713,4,1
17031804714,4,0
17031804715,4,0
17031804716,4,1
17031804803,4,0
17031804804,4,0
17031804805,4,0
17031804806,4,0
17031804807,4,2
17031804808,4,0
17031804809,4,1
17031804810,4,1
17031804901,4,0
17031804902,4,0
17031805001,4,1
17031805002,4,1
17031805105,4,0
17031805106,4,0
17031805107,4,2
17031805108,4,0
17031805109,4,0
17031805110,4,0
17031805111,4,0
17031805112,4,0
17031805201,4,2
17031805202,4,0
17031805301,4,0
17031805302,4,1
17031805401,4,0
17031805402,4,0
17031805501,4,0
17031805502,4,0
17031805600,4,0
17031805701,4,0
17031805702,4,0
17031805801,4,0
17031805802,4,3
17031805901,4,1
17031805902,4,0
17031806001,4,0
17031806002,4,0
17031806004,4,2
17031806005,4,0
17031806006,4,0
17031806102,4,0
17031806103,4,0
17031806104,4,3
17031806201,4,0
17031806202,4,0
17031806300,4,2
17031806400,4,0
17031806501,4,0
17031806502,4,0
17031806600,4,0
17031806700,4,0
17031806801,4,0
17031806802,4,0
17031806900,4,1
17031807000,4,0
17031807100,4,0
17031807200,4,0
17031807300,4,0
17031807400,4,0
17031807500,4,0
17031807600,4,0
17031807700,4,0
17031807800,4,0
17031807900,4,0
17031808001,4,0
17031808002,4,2
17031808100,4,0
17031808200,4,0
17031808301,4,0
17031808302,4,0
17031808400,4,0
17031808500,4,0
17031808600,4,0
17031808702,4,0
17031808800,4,2
17031808900,4,0
17031809000,4,0
17031809100,4,0
17031809200,4,1
17031809300,4,0
17031809401,4,1
17031809402,4,0
17031809500,4,1
17031809600,4,0
17031809700,4,1
17031809800,4,2
17031809900,4,0
17031810000,4,1
17031810100,4,0
17031810200,4,0
17031810301,4,0
17031810302,4,0
17031810400,4,0
17031810501,4,0
17031810502,4,0
17031810600,4,0
17031810701,4,0
17031810702,4,0
17031810800,4,2
17031810900,4,3
17031811000,4,0
17031811100,4,1
17031811200,4,0
17031811301,4,1
17031811302,4,0
17031811401,4,0
17031811402,4,1
17031811500,4,1
17031811600,4,1
17031811701,4,0
17031811702,4,0
17031811800,4,3
17031811900,4,0
17031812000,4,0
17031812100,4,0
17031812200,4,0
17031812301,4,2
17031812302,4,0
17031812400,4,0
17031812500,4,3
17031812600,4,2
17031812700,4,0
17031812801,4,0
17031812802,4,0
17031812900,4,0
17031813000,4,1
17031813100,4,0
17031813200,4,1
17031813301,4,0
17031813302,4,2
17031813400,4,1
17031813500,4,0
17031813600,4,0
17031813701,4,0
17031813702,4,2
17031813801,4,1
17031813802,4,2
17031813900,4,0
17031814000,4,0
17031814100,4,1
17031814200,4,0
17031814300,4,0
17031814400,4,0
17031814500,4,0
17031814600,4,1
17031814700,4,0
17031814800,4,0
17031814900,4,2
17031815000,4,1
17031815100,4,2
17031815200,4,0
17031815300,4,1
17031815400,4,0
17031815500,4,0
17031815600,4,1
17031815701,4,0
17031815702,4,0
17031815800,4,1
17031815900,4,1
17031816000,4,2
17031816100,4,2
17031816200,4,0
17031816300,4,1
17031816401,4,3
17031816402,4,0
17031816500,4,0
17031816600,4,1
17031816700,4,3
17031816800,4,1
17031816900,4,0
17031817000,4,2
17031817101,4,0
17031817102,4,0
17031817200,4,2
17031817300,4,2
17031817400,4,2
17031817500,4,1
17031817600,4,1
17031817700,4,1
17031817900,4,3
17031818000,4,1
17031818100,4,0
17031818200,4,0
17031818300,4,1
17031818401,4,0
17031818402,4,0
17031818500,4,0
17031818600,4,1
17031818700,4,0
17031818800,4,0
17031818900,4,1
17031819000,4,0
17031819100,4,0
17031819200,4,0
17031819300,4,0
17031819400,4,1
17031819500,4,0
17031819600,4,0
17031819700,4,1
17031819801,4,0
17031819802,4,1
17031819900,4,0
17031820000,4,1
17031820101,4,2
17031820103,4,0
17031820104,4,2
17031820202,4,2
17031820203,4,1
17031820204,4,1
17031820300,4,2
17031820400,4,4
17031820501,4,1
17031820502,4,0
17031820603,4,1
17031820604,4,0
17031820605,4,1
17031820606,4,1
17031820700,4,1
17031820800,4,0
17031820901,4,1
17031820902,4,0
17031821001,4,1
17031821002,4,1
17031821101,4,0
17031821102,4,1
17031821200,4,5
17031821300,4,0
17031821401,4,0
17031821402,4,1
17031821500,4,2
17031821600,4,0
17031821700,4,1
17031821800,4,3
17031821900,4,0
17031822000,4,3
17031822101,4,0
17031822102,4,2
17031822200,4,0
17031822301,4,1
17031822302,4,1
17031822400,4,3
17031822500,4,0
17031822601,4,0
17031822602,4,0
17031822701,4,0
17031822702,4,0
17031822801,4,0
17031822802,4,1
17031822900,4,0
17031823001,4,1
17031823002,4,2
17031823101,4,2
17031823102,4,1
17031823200,4,5
17031823302,4,1
17031823303,4,0
17031823304,4,0
17031823400,4,1
17031823500,4,0
17031823602,4,1
17031823603,4,0
17031823604,4,0
17031823605,4,0
17031823702,4,1
17031823703,4,4
17031823704,4,0
17031823705,4,1
17031823801,4,1
17031823803,4,1
17031823805,4,0
17031823806,4,1
17031823901,4,0
17031823903,4,0
17031823904,4,0
17031824003,4,0
17031824004,4,0
17031824005,4,1
17031824006,4,0
17031824105,4,1
17031824106,4,1
17031824107,4,1
17031824113,4,0
17031824114,4,0
17031824115,4,0
17031824116,4,1
17031824119,4,1
17031824121,4,0
17031824122,4,0
17031824123,4,1
17031824124,4,0
17031824125,4,2
17031824126,4,0
17031824127,4,0
17031824128,4,0
17031824129,4,0
17031824300,4,1
17031824400,4,0
17031824503,4,2
17031824505,4,2
17031824507,4,0
17031824508,4,0
17031824509,4,0
17031824601,4,1
17031824602,4,1
17031824701,4,0
17031824702,4,1
17031824800,4,0
17031824900,4,4
17031825000,4,1
17031825200,4,0
17031825302,4,0
17031825303,4,0
17031825304,4,0
17031825400,4,2
17031825501,4,0
17031825503,4,0
17031825504,4,0
17031825505,4,0
17031825600,4,0
17031825700,4,1
17031825801,4,2
17031825802,4,1
17031825803,4,1
17031825900,4,0
17031826000,4,0
17031826100,4,0
17031826201,4,0
17031826202,4,0
17031826301,4,0
17031826303,4,0
17031826304,4,0
17031826401,4,1
17031826402,4,0
17031826500,4,0
17031826600,4,0
17031826700,4,1
17031826800,4,1
17031826901,4,0
17031826902,4,0
17031827000,4,5
17031827100,4,4
17031827200,4,1
17031827300,4,0
17031827400,4,4
17031827500,4,2
17031827600,4,1
17031827700,4,0
17031827801,4,1
17031827802,4,0
17031827804,4,1
17031827805,4,0
17031827901,4,0
17031827902,4,1
17031828000,4,0
17031828100,4,1
17031828201,4,0
17031828202,4,0
17031828300,4,2
17031828401,4,0
17031828402,4,1
17031828503,4,0
17031828504,4,2
17031828505,4,0
17031828507,4,0
17031828508,4,0
17031828601,4,0
17031828602,4,1
17031828701,4,1
17031828702,4,1
17031828801,4,0
17031828802,4,0
17031828900,4,1
17031829000,4,0
17031829100,4,3
17031829200,4,1
17031829301,4,0
17031829302,4,0
17031829401,4,1
17031829402,4,0
17031829500,4,3
17031829600,4,0
17031829700,4,1
17031829800,4,0
17031829902,4,0
17031829903,4,1
17031829904,4,0
17031830001,4,1
17031830003,4,0
17031830004,4,2
17031830005,4,1
17031830006,4,2
17031830007,4,0
17031830008,4,0
17031830100,4,1
17031830201,4,0
17031830202,4,1
17031830300,4,0
17031830400,4,0
17031830500,4,0
17031830600,4,1
17031830700,4,0
17031830800,4,1
17031830900,4,1
17031831000,4,0
17031831100,4,1
17031831200,4,0
17031831300,4,2
17031831400,4,4
17031831500,4,0
17031831600,4,1
17031831700,4,0
17031831800,4,1
17031831900,4,0
17031832000,4,1
17031832100,4,0
17031832200,4,0
17031832300,4,1
17031832400,4,0
17031832500,4,0
17031832600,4,0
17031832900,4,1
17031833000,4,3
17031833100,4,1
17031833300,4,0
17031833900,4,1
17031834000,4,0
17031834200,4,1
17031834300,4,1
17031834400,4,1
17031834500,4,0
17031834600,4,3
17031834700,4,1
17031834800,4,1
17031834900,4,1
17031835000,4,1
17031835100,4,3
17031835200,4,2
17031835500,4,1
17031835600,4,0
17031835800,4,0
17031836000,4,0
17031836100,4,2
17031836200,4,1
17031836300,4,0
17031836400,4,1
17031836500,4,0
17031836600,4,8
17031836700,4,4
17031836800,4,6
17031836900,4,2
17031837000,4,4
17031837100,4,4
17031837300,4,2
17031837400,4,4
17031837800,4,1
17031838000,4,1
17031838100,4,3
17031838200,4,0
17031838300,4,1
17031838600,4,2
17031838700,4,2
17031838800,4,0
17031839000,4,1
17031839100,4,10
17031839200,4,1
17031839500,4,0
17031839600,4,0
17031839700,4,2
17031839800,4,0
17031839900,4,1
17031840000,4,0
17031840100,4,0
17031840200,4,0
17031840300,4,0
17031840400,4,1
17031840700,4,0
17031840800,4,1
17031841000,4,1
17031841100,4,0
17031841200,4,2
17031841300,4,0
17031841500,4,4
17031841700,4,1
17031841800,4,0
17031841900,4,7
17031842000,4,0
17031842100,4,3
17031842200,4,2
17031842300,4,1
17031842400,4,0
17031842500,4,0
17031842600,4,1
17031842800,4,2
17031842900,4,2
17031843000,4,1
17031843100,4,8
17031843200,4,1
17031843300,4,3
17031843400,4,1
17031843500,4,0
17031843600,4,2
17031843700,4,0
17031843800,4,0
17031843900,4,0
17031844600,4,1
17031844700,4,6
17031010100,5,2
17031010201,5,2
17031010202,5,0
17031010300,5,2
17031010400,5,0
17031010501,5,2
17031010502,5,0
17031010503,5,0
17031010600,5,2
17031010701,5,0
17031010702,5,1
17031020100,5,0
17031020200,5,0
17031020301,5,0
17031020302,5,0
17031020400,5,0
17031020500,5,0
17031020601,5,1
17031020602,5,2
17031020701,5,0
17031020702,5,0
17031020801,5,0
17031020802,5,0
17031020901,5,0
17031020902,5,0
17031030101,5,1
17031030102,5,0
17031030103,5,0
17031030104,5,0
17031030200,5,0
17031030300,5,0
17031030400,5,0
17031030500,5,1
17031030601,5,0
17031030603,5,1
17031030604,5,2
17031030701,5,0
17031030702,5,1
17031030703,5,3
17031030706,5,1
17031030800,5,3
17031030900,5,0
17031031000,5,1
17031031100,5,0
17031031200,5,5
17031031300,5,1
17031031400,5,1
17031031501,5,1
17031031502,5,0
17031031700,5,3
17031031800,5,0
17031031900,5,1
17031032100,5,0
17031040100,5,0
17031040201,5,0
17031040202,5,1
17031040300,5,0
17031040401,5,0
17031040402,5,0
17031040600,5,0
17031040700,5,0
17031040800,5,0
17031040900,5,0
17031050100,5,0
17031050200,5,1
17031050300,5,0
17031050500,5,0
17031050600,5,0
17031050700,5,0
17031050800,5,0
17031050900,5,0
17031051000,5,0
17031051100,5,0
17031051200,5,0
17031051300,5,0
17031051400,5,0
17031060100,5,0
17031060200,5,0
17031060300,5,1
17031060400,5,0
17031060500,5,0
17031060800,5,1
17031060900,5,0
17031061000,5,0
17031061100,5,0
17031061200,5,0
17031061500,5,0
17031061800,5,0
17031061901,5,0
17031061902,5,1
17031062000,5,1
17031062100,5,0
17031062200,5,0
17031062300,5,0
17031062400,5,0
17031062500,5,0
17031062600,5,0
17031062700,5,0
17031062800,5,0
17031062900,5,0
17031063000,5,1
17031063100,5,0
17031063200,5,1
17031063301,5,0
17031063302,5,1
17031063303,5,0
17031063400,5,0
17031070101,5,1
17031070102,5,0
17031070103,5,1
17031070200,5,0
17031070300,5,0
17031070400,5,0
17031070500,5,0
17031070600,5,0
17031070700,5,0
17031071000,5,0
17031071100,5,0
17031071200,5,0
17031071300,5,0
17031071400,5,0
17031071500,5,0
17031071600,5,0
17031071700,5,0
17031071800,5,0
17031080100,5,0
17031080201,5,1
17031080202,5,0
17031080300,5,0
17031080400,5,1
17031081000,5,0
17031081100,5,3
17031081201,5,1
17031081202,5,0
17031081300,5,0
17031081401,5,2
17031081402,5,0
17031081403,5,2
17031081500,5,0
17031081600,5,0
17031081700,5,0
17031081800,5,1
17031081900,5,2
17031090100,5,0
17031090200,5,1
17031090300,5,0
17031100100,5,0
17031100200,5,1
17031100300,5,0
17031100400,5,0
17031100500,5,0
17031100600,5,1
17031100700,5,1
17031110100,5,0
17031110200,5,0
17031110300,5,0
17031110400,5,1
17031110501,5,1
17031110502,5,2
17031120100,5,0
17031120200,5,0
17031120300,5,0
17031120400,5,0
17031130100,5,0
17031130200,5,1
17031130300,5,0
17031140100,5,0
17031140200,5,1
17031140301,5,0
17031140302,5,1
17031140400,5,0
17031140500,5,0
17031140601,5,0
17031140602,5,2
17031140701,5,1
17031140702,5,1
17031140800,5,2
17031150200,5,0
17031150300,5,2
17031150401,5,1
17031150402,5,1
17031150501,5,0
17031150502,5,0
17031150600,5,1
17031150700,5,0
17031150800,5,0
17031151001,5,0
17031151002,5,5
17031151100,5,0
17031151200,5,1
17031160100,5,0
17031160200,5,0
17031160300,5,0
17031160400,5,2
17031160501,5,0
17031160502,5,0
17031160601,5,0
17031160602,5,0
17031160700,5,0
17031160800,5,0
17031160900,5,0
17031161000,5,0
17031161100,5,2
17031161200,5,1
17031161300,5,1
17031170100,5,0
17031170200,5,1
17031170300,5,2
17031170400,5,1
17031170500,5,0
17031170600,5,0
17031170700,5,0
17031170800,5,1
17031170900,5,1
17031171000,5,2
17031171100,5,0
17031180100,5,0
17031190100,5,1
17031190200,5,3
17031190300,5,1
17031190401,5,1
17031190402,5,0
17031190601,5,0
17031190602,5,0
17031190701,5,0
17031190702,5,0
17031190800,5,2
17031190900,5,1
17031191000,5,1
17031191100,5,0
17031191200,5,0
17031191301,5,4
17031191302,5,0
17031200100,5,1
17031200200,5,1
17031200300,5,0
17031200401,5,1
17031200402,5,1
17031210100,5,0
17031210400,5,1
17031210501,5,3
17031210502,5,0
17031210601,5,1
17031210602,5,0
17031210700,5,1
17031210800,5,0
17031210900,5,0
17031220300,5,0
17031220400,5,0
17031220500,5,0
17031220601,5,0
17031220602,5,1
17031220701,5,0
17031220702,5,0
17031220901,5,0
17031220902,5,2
17031221000,5,2
17031221100,5,1
17031221200,5,0
17031221300,5,1
17031221400,5,1
17031221500,5,1
17031221600,5,0
17031222200,5,1
17031222500,5,1
17031222600,5,0
17031222700,5,0
17031222800,5,2
17031222900,5,0
17031230100,5,0
17031230200,5,0
17031230300,5,0
17031230400,5,0
17031230500,5,2
17031230600,5,0
17031230700,5,5
17031230800,5,0
17031230900,5,1
17031231100,5,1
17031231200,5,8
17031231500,5,22
17031240200,5,0
17031240300,5,0
17031240500,5,0
17031240600,5,0
17031240700,5,0
17031240800,5,1
17031240900,5,1
17031241000,5,0
17031241100,5,2
17031241200,5,0
17031241300,5,0
17031241400,5,0
17031241500,5,0
17031241600,5,0
17031242000,5,2
17031242100,5,0
17031242200,5,1
17031242300,5,1
17031242400,5,0
17031242500,5,2
17031242600,5,2
17031242700,5,3
17031242800,5,0
17031242900,5,1
17031243000,5,1
17031243100,5,0
17031243200,5,0
17031243300,5,0
17031243400,5,1
17031243500,5,0
17031250200,5,1
17031250300,5,4
17031250400,5,2
17031250500,5,1
17031250600,5,2
17031250700,5,1
17031250800,5,1
17031251000,5,2
17031251100,5,2
17031251200,5,7
17031251300,5,5
17031251400,5,1
17031251500,5,10
17031251600,5,6
17031251700,5,0
17031251800,5,8
17031251900,5,4
17031252000,5,7
17031252101,5,3
17031252102,5,5
17031252201,5,4
17031252202,5,8
17031260100,5,0
17031260200,5,5
17031260300,5,3
17031260400,5,7
17031260500,5,5
17031260600,5,6
17031260700,5,8
17031260800,5,6
17031260900,5,1
17031261000,5,4
17031270500,5,2
17031271200,5,5
17031271300,5,1
17031271400,5,4
17031271500,5,2
17031271800,5,5
17031280100,5,2
17031280400,5,0
17031280800,5,0
17031280900,5,2
17031281900,5,4
17031282700,5,0
17031282800,5,0
17031283100,5,0
17031283200,5,1
17031283800,5,1
17031290900,5,3
17031291200,5,2
17031291600,5,0
17031292200,5,3
17031292400,5,0
17031292500,5,2
17031300500,5,3
17031300600,5,1
17031300700,5,1
17031300800,5,1
17031300900,5,2
17031301100,5,0
17031301200,5,2
17031301600,5,2
17031301701,5,0
17031301702,5,0
17031301801,5,0
17031301802,5,0
17031301803,5,0
17031310200,5,0
17031310300,5,0
17031310400,5,0
17031310500,5,0
17031310600,5,2
17031310700,5,0
17031310800,5,0
17031310900,5,2
17031320101,5,0
17031320102,5,4
17031320400,5,0
17031320600,5,1
17031330101,5,0
17031330102,5,1
17031330103,5,1
17031330200,5,1
17031340300,5,0
17031340400,5,0
17031340500,5,0
17031340600,5,1
17031350100,5,0
17031350400,5,2
17031351000,5,1
17031351100,5,0
17031351400,5,1
17031351500,5,0
17031360200,5,1
17031380100,5,3
17031380200,5,1
17031380600,5,1
17031381200,5,0
17031381400,5,1
17031381500,5,0
17031381800,5,3
17031381900,5,0
17031390100,5,0
17031390200,5,0
17031390300,5,0
17031390400,5,0
17031390500,5,0
17031390600,5,0
17031390700,5,0
17031400300,5,2
17031400400,5,2
17031400500,5,2
17031400800,5,4
17031410100,5,0
17031410200,5,0
17031410500,5,0
17031410600,5,0
17031410700,5,1
17031410800,5,0
17031410900,5,0
17031411000,5,0
17031411100,5,0
17031411200,5,0
17031420100,5,0
17031420200,5,0
17031420300,5,1
17031420400,5,1
17031420500,5,0
17031420600,5,2
17031420700,5,1
17031420800,5,1
17031421200,5,1
17031430101,5,0
17031430102,5,1
17031430200,5,1
17031430300,5,0
17031430400,5,1
17031430500,5,3
17031430600,5,1
17031430700,5,2
17031430800,5,1
17031430900,5,0
17031431200,5,2
17031431301,5,2
17031431302,5,2
17031431400,5,1
17031440101,5,3
17031440102,5,0
17031440201,5,2
17031440202,5,1
17031440300,5,3
17031440600,5,0
17031440700,5,2
17031440800,5,3
17031440900,5,3
17031450300,5,2
17031460100,5,3
17031460200,5,0
17031460301,5,1
17031460302,5,0
17031460400,5,3
17031460500,5,1
17031460800,5,0
17031461000,5,2
17031470100,5,0
17031480100,5,2
17031480200,5,0
17031480300,5,1
17031480400,5,2
17031480500,5,0
17031490200,5,0
17031490500,5,0
17031490600,5,1
17031490700,5,2
17031490800,5,2
17031490901,5,0
17031490902,5,2
17031491000,5,1
17031491100,5,2
17031491200,5,0
17031491300,5,5
17031491400,5,0
17031500100,5,1
17031500200,5,1
17031500300,5,1
17031510100,5,0
17031510200,5,0
17031510300,5,0
17031520100,5,2
17031520200,5,0
17031520300,5,0
17031520400,5,0
17031520500,5,0
17031520600,5,1
17031530100,5,1
17031530200,5,1
17031530300,5,2
17031530400,5,1
17031530501,5,2
17031530502,5,1
17031530503,5,2
17031530600,5,4
17031540101,5,1
17031540102,5,3
17031550100,5,2
17031550200,5,0
17031560100,5,0
17031560200,5,2
17031560300,5,0
17031560400,5,0
17031560700,5,1
17031560800,5,0
17031560900,5,1
17031561000,5,2
17031561100,5,0
17031570100,5,0
17031570200,5,0
17031570300,5,0
17031570400,5,0
17031570500,5,0
17031580100,5,1
17031580200,5,2
17031580300,5,0
17031580400,5,0
17031580501,5,1
17031580502,5,0
17031580600,5,0
17031580700,5,1
17031580800,5,1
17031590500,5,0
17031590600,5,0
17031590700,5,0
17031600400,5,1
17031600600,5,0
17031600700,5,0
17031600900,5,0
17031610300,5,1
17031610400,5,2
17031610800,5,0
17031611200,5,2
17031611300,5,0
17031611400,5,0
17031611500,5,1
17031611600,5,0
17031611700,5,1
17031611800,5,0
17031611900,5,2
17031612000,5,1
17031612100,5,1
17031612200,5,0
17031620100,5,2
17031620200,5,0
17031620300,5,0
17031620400,5,0
17031630300,5,1
17031630400,5,2
17031630500,5,3
17031630600,5,0
17031630800,5,0
17031630900,5,1
17031640100,5,1
17031640300,5,1
17031640400,5,0
17031640500,5,0
17031640600,5,1
17031640700,5,1
17031640800,5,0
17031650100,5,2
17031650200,5,1
17031650301,5,0
17031650302,5,0
17031650400,5,1
17031650500,5,1
17031660301,5,0
17031660302,5,0
17031660400,5,0
17031660500,5,0
17031660600,5,3
17031660700,5,2
17031660800,5,1
17031660900,5,0
17031661000,5,4
17031661100,5,0
17031670100,5,0
17031670200,5,1
17031670300,5,1
17031670400,5,0
17031670500,5,2
17031670600,5,0
17031670700,5,0
17031670800,5,1
17031670900,5,0
17031671100,5,1
17031671200,5,2
17031671300,5,2
17031671400,5,0
17031671500,5,4
17031671600,5,0
17031671800,5,1
17031671900,5,3
17031672000,5,1
17031680500,5,0
17031680600,5,0
17031680900,5,2
17031681000,5,4
17031681100,5,3
17031681200,5,1
17031681300,5,2
17031681400,5,1
17031690300,5,2
17031690400,5,3
17031690500,5,1
17031690900,5,1
17031691000,5,1
17031691100,5,2
17031691200,5,0
17031691300,5,2
17031691400,5,1
17031691500,5,0
17031700100,5,1
17031700200,5,2
17031700301,5,1
17031700302,5,3
17031700401,5,1
17031700402,5,1
17031700501,5,0
17031700502,5,0
17031710100,5,2
17031710200,5,2
17031710300,5,1
17031710400,5,3
17031710500,5,2
17031710600,5,0
17031710700,5,2
17031710800,5,0
17031710900,5,1
17031711000,5,1
17031711100,5,0
17031711200,5,2
17031711300,5,0
17031711400,5,2
17031711500,5,1
17031720100,5,0
17031720200,5,0
17031720300,5,0
17031720400,5,0
17031720500,5,1
17031720600,5,0
17031720700,5,0
17031730100,5,1
17031730201,5,6
17031730202,5,0
17031730300,5,0
17031730400,5,1
17031730500,5,2
17031730600,5,0
17031730700,5,1
17031740100,5,0
17031740200,5,1
17031740300,5,2
17031740400,5,0
17031750100,5,0
17031750200,5,2
17031750300,5,1
17031750400,5,0
17031750500,5,0
17031750600,5,2
17031760801,5,0
17031760802,5,0
17031760803,5,2
17031770201,5,0
17031770202,5,1
17031770300,5,0
17031770400,5,0
17031770500,5,1
17031770601,5,0
17031770602,5,2
17031770700,5,4
17031770800,5,3
17031770901,5,0
17031770902,5,0
17031800100,5,0
17031800200,5,0
17031800300,5,0
17031800400,5,0
17031800500,5,0
17031800600,5,0
17031800700,5,0
17031800800,5,0
17031800900,5,0
17031801000,5,1
17031801100,5,0
17031801200,5,0
17031801300,5,0
17031801400,5,0
17031801500,5,1
17031801601,5,0
17031801603,5,0
17031801605,5,0
17031801606,5,0
17031801607,5,0
17031801608,5,2
17031801701,5,0
17031801702,5,0
17031801800,5,0
17031801901,5,0
17031801902,5,1
17031802002,5,0
17031802003,5,0
17031802004,5,1
17031802100,5,0
17031802200,5,0
17031802300,5,0
17031802402,5,1
17031802403,5,0
17031802404,5,1
17031802503,5,1
17031802504,5,1
17031802505,5,1
17031802506,5,0
17031802605,5,0
17031802607,5,0
17031802608,5,0
17031802609,5,0
17031802610,5,0
17031802701,5,0
17031802702,5,0
17031802801,5,0
17031802802,5,0
17031802900,5,0
17031803005,5,1
17031803007,5,0
17031803008,5,2
17031803010,5,0
17031803012,5,0
17031803013,5,0
17031803014,5,0
17031803015,5,1
17031803016,5,0
17031803017,5,1
17031803100,5,0
17031803200,5,0
17031803300,5,1
17031803400,5,0
17031803500,5,0
17031803603,5,0
17031803604,5,1
17031803605,5,1
17031803607,5,0
17031803608,5,0
17031803611,5,0
17031803612,5,2
17031803613,5,0
17031803614,5,0
17031803615,5,0
17031803616,5,2
17031803701,5,0
17031803702,5,1
17031803800,5,1
17031803901,5,0
17031803902,5,0
17031804000,5,1
17031804102,5,1
17031804104,5,0
17031804105,5,0
17031804106,5,1
17031804108,5,0
17031804109,5,0
17031804202,5,1
17031804203,5,0
17031804204,5,0
17031804305,5,0
17031804306,5,4
17031804308,5,1
17031804309,5,1
17031804312,5,0
17031804313,5,0
17031804314,5,0
17031804315,5,0
17031804316,5,1
17031804403,5,0
17031804404,5,1
17031804405,5,0
17031804406,5,1
17031804505,5,0
17031804506,5,1
17031804508,5,0
17031804509,5,0
17031804510,5,0
17031804511,5,0
17031804512,5,0
17031804513,5,0
17031804514,5,0
17031804603,5,1
17031804606,5,0
17031804607,5,0
17031804608,5,0
17031804609,5,0
17031804610,5,0
17031804611,5,0
17031804701,5,0
17031804705,5,0
17031804706,5,0
17031804709,5,1
17031804710,5,0
17031804711,5,0
17031804712,5,0
17031804713,5,1
17031804714,5,0
17031804715,5,0
17031804716,5,0
17031804803,5,0
17031804804,5,1
17031804805,5,0
17031804806,5,0
17031804807,5,1
17031804808,5,0
17031804809,5,0
17031804810,5,0
17031804901,5,0
17031804902,5,1
17031805001,5,0
17031805002,5,2
17031805105,5,1
17031805106,5,0
17031805107,5,0
17031805108,5,0
17031805109,5,0
17031805110,5,0
17031805111,5,1
17031805112,5,0
17031805201,5,0
17031805202,5,0
17031805301,5,0
17031805302,5,0
17031805401,5,1
17031805402,5,0
17031805501,5,0
17031805502,5,0
17031805600,5,0
17031805701,5,0
17031805702,5,0
17031805801,5,0
17031805802,5,0
17031805901,5,1
17031805902,5,1
17031806001,5,0
17031806002,5,0
17031806004,5,0
17031806005,5,0
17031806006,5,0
17031806102,5,0
17031806103,5,0
17031806104,5,1
17031806201,5,0
17031806202,5,2
17031806300,5,0
17031806400,5,0
17031806501,5,0
17031806502,5,0
17031806600,5,1
17031806700,5,0
17031806801,5,0
17031806802,5,1
17031806900,5,1
17031807000,5,1
17031807100,5,0
17031807200,5,0
17031807300,5,0
17031807400,5,4
17031807500,5,0
17031807600,5,2
17031807700,5,0
17031807800,5,0
17031807900,5,0
17031808001,5,0
17031808002,5,1
17031808100,5,1
17031808200,5,0
17031808301,5,3
17031808302,5,1
17031808400,5,2
17031808500,5,0
17031808600,5,0
17031808702,5,0
17031808800,5,0
17031808900,5,0
17031809000,5,0
17031809100,5,0
17031809200,5,1
17031809300,5,0
17031809401,5,0
17031809402,5,0
17031809500,5,1
17031809600,5,0
17031809700,5,0
17031809800,5,0
17031809900,5,0
17031810000,5,0
17031810100,5,0
17031810200,5,0
17031810301,5,0
17031810302,5,0
17031810400,5,1
17031810501,5,1
17031810502,5,0
17031810600,5,1
17031810701,5,0
17031810702,5,1
17031810800,5,1
17031810900,5,3
17031811000,5,2
17031811100,5,3
17031811200,5,1
17031811301,5,2
17031811302,5,1
17031811401,5,1
17031811402,5,1
17031811500,5,0
17031811600,5,0
17031811701,5,0
17031811702,5,1
17031811800,5,0
17031811900,5,0
17031812000,5,0
17031812100,5,0
17031812200,5,0
17031812301,5,1
17031812302,5,0
17031812400,5,0
17031812500,5,3
17031812600,5,1
17031812700,5,0
17031812801,5,1
17031812802,5,1
17031812900,5,1
17031813000,5,0
17031813100,5,0
17031813200,5,0
17031813301,5,1
17031813302,5,4
17031813400,5,1
17031813500,5,0
17031813600,5,0
17031813701,5,0
17031813702,5,3
17031813801,5,0
17031813802,5,1
17031813900,5,0
17031814000,5,3
17031814100,5,1
17031814200,5,2
17031814300,5,2
17031814400,5,0
17031814500,5,3
17031814600,5,0
17031814700,5,1
17031814800,5,1
17031814900,5,3
17031815000,5,0
17031815100,5,0
17031815200,5,2
17031815300,5,0
17031815400,5,1
17031815500,5,1
17031815600,5,1
17031815701,5,0
17031815702,5,0
17031815800,5,0
17031815900,5,4
17031816000,5,5
17031816100,5,3
17031816200,5,1
17031816300,5,1
17031816401,5,2
17031816402,5,3
17031816500,5,2
17031816600,5,1
17031816700,5,0
17031816800,5,1
17031816900,5,1
17031817000,5,0
17031817101,5,2
17031817102,5,0
17031817200,5,5
17031817300,5,1
17031817400,5,2
17031817500,5,1
17031817600,5,2
17031817700,5,0
17031817900,5,4
17031818000,5,3
17031818100,5,0
17031818200,5,2
17031818300,5,0
17031818401,5,0
17031818402,5,0
17031818500,5,0
17031818600,5,1
17031818700,5,0
17031818800,5,1
17031818900,5,1
17031819000,5,0
17031819100,5,0
17031819200,5,0
17031819300,5,0
17031819400,5,1
17031819500,5,1
17031819600,5,0
17031819700,5,0
17031819801,5,1
17031819802,5,0
17031819900,5,0
17031820000,5,0
17031820101,5,1
17031820103,5,0
17031820104,5,3
17031820202,5,3
17031820203,5,0
17031820204,5,0
17031820300,5,1
17031820400,5,1
17031820501,5,1
17031820502,5,1
17031820603,5,3
17031820604,5,2
17031820605,5,1
17031820606,5,2
17031820700,5,0
17031820800,5,1
17031820901,5,2
17031820902,5,2
17031821001,5,0
17031821002,5,0
17031821101,5,0
17031821102,5,1
17031821200,5,1
17031821300,5,1
17031821401,5,0
17031821402,5,3
17031821500,5,1
17031821600,5,0
17031821700,5,1
17031821800,5,0
17031821900,5,1
17031822000,5,1
17031822101,5,1
17031822102,5,2
17031822200,5,0
17031822301,5,0
17031822302,5,1
17031822400,5,3
17031822500,5,1
17031822601,5,2
17031822602,5,0
17031822701,5,3
17031822702,5,1
17031822801,5,0
17031822802,5,0
17031822900,5,0
17031823001,5,1
17031823002,5,0
17031823101,5,2
17031823102,5,1
17031823200,5,1
17031823302,5,2
17031823303,5,0
17031823304,5,2
17031823400,5,0
17031823500,5,1
17031823602,5,0
17031823603,5,1
17031823604,5,0
17031823605,5,0
17031823702,5,3
17031823703,5,4
17031823704,5,0
17031823705,5,1
17031823801,5,0
17031823803,5,0
17031823805,5,1
17031823806,5,2
17031823901,5,0
17031823903,5,0
17031823904,5,0
17031824003,5,1
17031824004,5,0
17031824005,5,0
17031824006,5,0
17031824105,5,1
17031824106,5,2
17031824107,5,2
17031824113,5,1
17031824114,5,0
17031824115,5,1
17031824116,5,2
17031824119,5,1
17031824121,5,0
17031824122,5,0
17031824123,5,0
17031824124,5,0
17031824125,5,0
17031824126,5,0
17031824127,5,1
17031824128,5,0
17031824129,5,1
17031824300,5,4
17031824400,5,1
17031824503,5,1
17031824505,5,1
17031824507,5,1
17031824508,5,0
17031824509,5,2
17031824601,5,1
17031824602,5,1
17031824701,5,0
17031824702,5,2
17031824800,5,3
17031824900,5,1
17031825000,5,0
17031825200,5,0
17031825302,5,1
17031825303,5,4
17031825304,5,1
17031825400,5,0
17031825501,5,0
17031825503,5,0
17031825504,5,0
17031825505,5,1
17031825600,5,0
17031825700,5,0
17031825801,5,0
17031825802,5,0
17031825803,5,0
17031825900,5,0
17031826000,5,1
17031826100,5,0
17031826201,5,0
17031826202,5,1
17031826301,5,0
17031826303,5,0
17031826304,5,1
17031826401,5,0
17031826402,5,2
17031826500,5,2
17031826600,5,0
17031826700,5,0
17031826800,5,1
17031826901,5,2
17031826902,5,0
17031827000,5,1
17031827100,5,0
17031827200,5,0
17031827300,5,4
17031827400,5,2
17031827500,5,3
17031827600,5,0
17031827700,5,0
17031827801,5,0
17031827802,5,2
17031827804,5,1
17031827805,5,0
17031827901,5,0
17031827902,5,2
17031828000,5,1
17031828100,5,1
17031828201,5,0
17031828202,5,0
17031828300,5,2
17031828401,5,0
17031828402,5,0
17031828503,5,2
17031828504,5,2
17031828505,5,2
17031828507,5,0
17031828508,5,0
17031828601,5,1
17031828602,5,0
17031828701,5,0
17031828702,5,0
17031828801,5,0
17031828802,5,0
17031828900,5,1
17031829000,5,0
17031829100,5,0
17031829200,5,1
17031829301,5,0
17031829302,5,0
17031829401,5,0
17031829402,5,0
17031829500,5,1
17031829600,5,0
17031829700,5,1
17031829800,5,1
17031829902,5,1
17031829903,5,1
17031829904,5,1
17031830001,5,0
17031830003,5,1
17031830004,5,2
17031830005,5,0
17031830006,5,1
17031830007,5,0
17031830008,5,0
17031830100,5,0
17031830201,5,0
17031830202,5,0
17031830300,5,0
17031830400,5,1
17031830500,5,1
17031830600,5,2
17031830700,5,1
17031830800,5,1
17031830900,5,0
17031831000,5,0
17031831100,5,2
17031831200,5,3
17031831300,5,0
17031831400,5,4
17031831500,5,1
17031831600,5,1
17031831700,5,0
17031831800,5,0
17031831900,5,0
17031832000,5,2
17031832100,5,0
17031832200,5,0
17031832300,5,1
17031832400,5,1
17031832500,5,2
17031832600,5,0
17031832900,5,0
17031833000,5,3
17031833100,5,1
17031833300,5,0
17031833900,5,0
17031834000,5,1
17031834200,5,4
17031834300,5,2
17031834400,5,4
17031834500,5,0
17031834600,5,5
17031834700,5,2
17031834800,5,3
17031834900,5,2
17031835000,5,3
17031835100,5,1
17031835200,5,0
17031835500,5,4
17031835600,5,1
17031835800,5,0
17031836000,5,2
17031836100,5,1
17031836200,5,1
17031836300,5,0
17031836400,5,0
17031836500,5,1
17031836600,5,8
17031836700,5,4
17031836800,5,5
17031836900,5,2
17031837000,5,2
17031837100,5,4
17031837300,5,2
17031837400,5,4
17031837800,5,8
17031838000,5,3
17031838100,5,5
17031838200,5,1
17031838300,5,0
17031838600,5,4
17031838700,5,2
17031838800,5,4
17031839000,5,1
17031839100,5,13
17031839200,5,1
17031839500,5,0
17031839600,5,0
17031839700,5,1
17031839800,5,0
17031839900,5,0
17031840000,5,0
17031840100,5,1
17031840200,5,0
17031840300,5,2
17031840400,5,2
17031840700,5,1
17031840800,5,0
17031841000,5,1
17031841100,5,0
17031841200,5,1
17031841300,5,0
17031841500,5,5
17031841700,5,0
17031841800,5,3
17031841900,5,2
17031842000,5,0
17031842100,5,8
17031842200,5,1
17031842300,5,3
17031842400,5,1
17031842500,5,0
17031842600,5,1
17031842800,5,0
17031842900,5,4
17031843000,5,1
17031843100,5,3
17031843200,5,0
17031843300,5,4
17031843400,5,2
17031843500,5,2
17031843600,5,1
17031843700,5,0
17031843800,5,1
17031843900,5,1
17031844600,5,0
17031844700,5,3
